path,tone_band,fold,y_true,y_pred,confidence,prob_0,prob_1,prob_2,prob_3
/kaggle/input/datasets/lexuanhieu131297/acne-severity-classification/Classification/JPEGImages/levle0_144.jpg,Deep,r0f0,0,0,0.990760087966919,0.990760087966919,0.009223130531609058,1.0355083759350237e-05,6.42961822450161e-06
/kaggle/input/datasets/lexuanhieu131297/acne-severity-classification/Classification/JPEGImages/levle1_365.jpg,Deep,r0f0,1,1,0.893086314201355,0.10138265043497086,0.893086314201355,0.004732477944344282,0.0007986376294866204
/kaggle/input/datasets/lexuanhieu131297/acne-severity-classification/Classification/JPEGImages/levle1_240.jpg,Deep,r0f0,1,2,0.5531913638114929,0.002401877660304308,0.44276881217956543,0.5531913638114929,0.0016379381995648146
/kaggle/input/datasets/lexuanhieu131297/acne-severity-classification/Classification/JPEGImages/levle1_607.jpg,Deep,r0f0,1,1,0.8526086211204529,0.14096279442310333,0.8526086211204529,0.0057504442520439625,0.0006781287374906242
/kaggle/input/datasets/lexuanhieu131297/acne-severity-classification/Classification/JPEGImages/levle1_531.jpg,Deep,r0f0,1,1,0.9514039158821106,0.00789276510477066,0.9514039158821106,0.04022982344031334,0.00047353471745736897
/kaggle/input/datasets/lexuanhieu131297/acne-severity-classification/Classification/JPEGImages/levle0_112.jpg,Deep,r0f0,0,0,0.9866264462471008,0.9866264462471008,0.013272547163069248,5.5311691539827734e-05,4.5676228182855994e-05
/kaggle/input/datasets/lexuanhieu131297/acne-severity-classification/Classification/JPEGImages/levle1_550.jpg,Deep,r0f0,1,1,0.9132973551750183,0.0064743151888251305,0.9132973551750183,0.07949190586805344,0.0007363974000327289
/kaggle/input/datasets/lexuanhieu131297/acne-severity-classification/Classification/JPEGImages/levle1_138.jpg,Deep,r0f0,1,1,0.9505426287651062,0.0005413604085333645,0.9505426287651062,0.04877931997179985,0.0001366102515021339
/kaggle/input/datasets/lexuanhieu131297/acne-severity-classification/Classification/JPEGImages/levle1_423.jpg,Deep,r0f0,1,1,0.8588919639587402,0.09749163687229156,0.8588919639587402,0.041063342243433,0.002553037367761135
/kaggle/input/datasets/lexuanhieu131297/acne-severity-classification/Classification/JPEGImages/levle1_126.jpg,Deep,r0f0,1,0,0.858137845993042,0.858137845993042,0.14049816131591797,0.00074377516284585,0.0006202348158694804
/kaggle/input/datasets/lexuanhieu131297/acne-severity-classification/Classification/JPEGImages/levle0_216.jpg,Deep,r0f0,0,0,0.9321140646934509,0.9321140646934509,0.06487199664115906,0.001710308832116425,0.0013036781456321478
/kaggle/input/datasets/lexuanhieu131297/acne-severity-classification/Classification/JPEGImages/levle3_67.jpg,Deep,r0f0,3,3,0.9956523776054382,0.0002194734988734126,0.00041244010208174586,0.003715739818289876,0.9956523776054382
/kaggle/input/datasets/lexuanhieu131297/acne-severity-classification/Classification/JPEGImages/levle1_14.jpg,Light,r0f0,1,2,0.8103044629096985,0.00031470941030420363,0.02475750632584095,0.8103044629096985,0.16462333500385284
/kaggle/input/datasets/lexuanhieu131297/acne-severity-classification/Classification/JPEGImages/levle0_280.jpg,Deep,r0f0,0,0,0.9635928869247437,0.9635928869247437,0.03596632182598114,0.00019189334125258029,0.00024881394347175956
/kaggle/input/datasets/lexuanhieu131297/acne-severity-classification/Classification/JPEGImages/levle0_152.jpg,Deep,r0f0,0,0,0.977399468421936,0.977399468421936,0.022322574630379677,0.00014836595801170915,0.00012966009671799839
/kaggle/input/datasets/lexuanhieu131297/acne-severity-classification/Classification/JPEGImages/levle0_374.jpg,Deep,r0f0,0,0,0.9875729084014893,0.9875729084014893,0.012383242137730122,2.3998842152650468e-05,1.981817331397906e-05
/kaggle/input/datasets/lexuanhieu131297/acne-severity-classification/Classification/JPEGImages/levle0_527.jpg,Medium,r0f0,0,0,0.9430417418479919,0.9430417418479919,0.056523554027080536,0.00028468892560340464,0.00015002051077317446
/kaggle/input/datasets/lexuanhieu131297/acne-severity-classification/Classification/JPEGImages/levle0_309.jpg,Deep,r0f0,0,0,0.9559758901596069,0.9559758901596069,0.04260164499282837,0.0008683386258780956,0.000554109865333885
/kaggle/input/datasets/lexuanhieu131297/acne-severity-classification/Classification/JPEGImages/levle2_132.jpg,Medium,r0f0,2,2,0.9758316278457642,1.9354411051608622e-05,0.023793749511241913,0.9758316278457642,0.00035534054040908813
/kaggle/input/datasets/lexuanhieu131297/acne-severity-classification/Classification/JPEGImages/levle2_20.jpg,Light,r0f0,2,3,0.6262335181236267,0.004404787439852953,0.09664756059646606,0.2727142572402954,0.6262335181236267
/kaggle/input/datasets/lexuanhieu131297/acne-severity-classification/Classification/JPEGImages/levle0_301.jpg,Deep,r0f0,0,0,0.9949729442596436,0.9949729442596436,0.005001544952392578,1.4213906979421154e-05,1.1244125744269695e-05
/kaggle/input/datasets/lexuanhieu131297/acne-severity-classification/Classification/JPEGImages/levle0_77.jpg,Deep,r0f0,0,1,0.7989727854728699,0.0442679300904274,0.7989727854728699,0.1504160463809967,0.006343237590044737
/kaggle/input/datasets/lexuanhieu131297/acne-severity-classification/Classification/JPEGImages/levle0_38.jpg,Medium,r0f0,0,1,0.765588104724884,0.22520510852336884,0.765588104724884,0.007935198955237865,0.0012715717311948538
/kaggle/input/datasets/lexuanhieu131297/acne-severity-classification/Classification/JPEGImages/levle1_500.jpg,Deep,r0f0,1,0,0.8050410151481628,0.8050410151481628,0.18972596526145935,0.0035227874759584665,0.0017101760022342205
/kaggle/input/datasets/lexuanhieu131297/acne-severity-classification/Classification/JPEGImages/levle2_69.jpg,Deep,r0f0,2,2,0.9766902327537537,4.08494561270345e-05,0.0213082917034626,0.9766902327537537,0.0019605637062340975
/kaggle/input/datasets/lexuanhieu131297/acne-severity-classification/Classification/JPEGImages/levle1_370.jpg,Medium,r0f0,1,1,0.9465058445930481,0.009252071380615234,0.9465058445930481,0.04380636662244797,0.00043569336412474513
/kaggle/input/datasets/lexuanhieu131297/acne-severity-classification/Classification/JPEGImages/levle1_50.jpg,Deep,r0f0,1,1,0.9458652138710022,0.05071992799639702,0.9458652138710022,0.0032360898330807686,0.00017868715804070234
/kaggle/input/datasets/lexuanhieu131297/acne-severity-classification/Classification/JPEGImages/levle1_318.jpg,Deep,r0f0,1,1,0.7273057699203491,0.27071475982666016,0.7273057699203491,0.0017507602460682392,0.0002287544630235061
/kaggle/input/datasets/lexuanhieu131297/acne-severity-classification/Classification/JPEGImages/levle1_25.jpg,Medium,r0f0,1,2,0.7559579610824585,0.000504335155710578,0.23764055967330933,0.7559579610824585,0.005897155962884426
/kaggle/input/datasets/lexuanhieu131297/acne-severity-classification/Classification/JPEGImages/levle1_326.jpg,Medium,r0f0,1,1,0.9798805117607117,0.015674805268645287,0.9798805117607117,0.0043639084324240685,8.086994057521224e-05
/kaggle/input/datasets/lexuanhieu131297/acne-severity-classification/Classification/JPEGImages/levle1_369.jpg,Deep,r0f0,1,1,0.9000681042671204,0.09664313495159149,0.9000681042671204,0.003049478167667985,0.0002393205650150776
/kaggle/input/datasets/lexuanhieu131297/acne-severity-classification/Classification/JPEGImages/levle1_92.jpg,Deep,r0f0,1,1,0.9728480577468872,0.0027755608316510916,0.9728480577468872,0.0242953859269619,8.09192715678364e-05
/kaggle/input/datasets/lexuanhieu131297/acne-severity-classification/Classification/JPEGImages/levle0_37.jpg,Deep,r0f0,0,0,0.6488177180290222,0.6488177180290222,0.3493279814720154,0.0013675796799361706,0.00048667407827451825
/kaggle/input/datasets/lexuanhieu131297/acne-severity-classification/Classification/JPEGImages/levle1_544.jpg,Deep,r0f0,1,0,0.9150077700614929,0.9150077700614929,0.08461175113916397,0.0002579742285888642,0.00012257450725883245
/kaggle/input/datasets/lexuanhieu131297/acne-severity-classification/Classification/JPEGImages/levle2_129.jpg,Medium,r0f0,2,2,0.8266621828079224,0.0006850201752968132,0.16942919790744781,0.8266621828079224,0.0032236718107014894
/kaggle/input/datasets/lexuanhieu131297/acne-severity-classification/Classification/JPEGImages/levle0_308.jpg,Deep,r0f0,0,0,0.9679381847381592,0.9679381847381592,0.03188329562544823,0.00011783101945184171,6.077279613236897e-05
/kaggle/input/datasets/lexuanhieu131297/acne-severity-classification/Classification/JPEGImages/levle1_536.jpg,Medium,r0f0,1,1,0.7231590747833252,0.2683838903903961,0.7231590747833252,0.006699203513562679,0.0017578614642843604
/kaggle/input/datasets/lexuanhieu131297/acne-severity-classification/Classification/JPEGImages/levle2_13.jpg,Medium,r0f0,2,2,0.894322395324707,0.0009026943589560688,0.02490358240902424,0.894322395324707,0.07987132668495178
/kaggle/input/datasets/lexuanhieu131297/acne-severity-classification/Classification/JPEGImages/levle0_291.jpg,Deep,r0f0,0,0,0.9664632081985474,0.9664632081985474,0.0333624929189682,0.00011095590889453888,6.334437057375908e-05
/kaggle/input/datasets/lexuanhieu131297/acne-severity-classification/Classification/JPEGImages/levle0_475.jpg,Medium,r0f0,0,0,0.9405322670936584,0.9405322670936584,0.058848217129707336,0.0003918966103810817,0.00022770007490180433
/kaggle/input/datasets/lexuanhieu131297/acne-severity-classification/Classification/JPEGImages/levle2_28.jpg,Deep,r0f0,2,2,0.7745453715324402,0.0032215232495218515,0.05332978069782257,0.7745453715324402,0.1689034104347229
/kaggle/input/datasets/lexuanhieu131297/acne-severity-classification/Classification/JPEGImages/levle1_467.jpg,Medium,r0f0,1,1,0.6900323033332825,0.0020551157649606466,0.6900323033332825,0.3070983588695526,0.0008142815786413848
/kaggle/input/datasets/lexuanhieu131297/acne-severity-classification/Classification/JPEGImages/levle0_389.jpg,Medium,r0f0,0,1,0.6021361351013184,0.3941200077533722,0.6021361351013184,0.003153555328026414,0.0005902254488319159
/kaggle/input/datasets/lexuanhieu131297/acne-severity-classification/Classification/JPEGImages/levle3_115.jpg,Deep,r0f0,3,3,0.9970742464065552,0.00014784645463805646,0.00026253724354319274,0.0025153285823762417,0.9970742464065552
/kaggle/input/datasets/lexuanhieu131297/acne-severity-classification/Classification/JPEGImages/levle0_128.jpg,Medium,r0f0,0,0,0.891186535358429,0.891186535358429,0.10853633284568787,0.00018635486776474863,9.082211181521416e-05
/kaggle/input/datasets/lexuanhieu131297/acne-severity-classification/Classification/JPEGImages/levle0_51.jpg,Medium,r0f0,0,0,0.8670662045478821,0.8670662045478821,0.13270945847034454,0.00016900053014978766,5.5296768550761044e-05
/kaggle/input/datasets/lexuanhieu131297/acne-severity-classification/Classification/JPEGImages/levle1_440.jpg,Deep,r0f0,1,1,0.7790672183036804,0.0004242095455992967,0.7790672183036804,0.2201756089925766,0.0003329659521114081
/kaggle/input/datasets/lexuanhieu131297/acne-severity-classification/Classification/JPEGImages/levle3_89.jpg,Deep,r0f0,3,2,0.8798404932022095,7.699542038608342e-05,0.008659412153065205,0.8798404932022095,0.111423060297966
/kaggle/input/datasets/lexuanhieu131297/acne-severity-classification/Classification/JPEGImages/levle0_482.jpg,Medium,r0f0,0,0,0.9679797291755676,0.9679797291755676,0.03139033913612366,0.0004361072788015008,0.00019389978842809796
/kaggle/input/datasets/lexuanhieu131297/acne-severity-classification/Classification/JPEGImages/levle1_140.jpg,Deep,r0f0,1,1,0.8245908617973328,0.004301775712519884,0.8245908617973328,0.16933508217334747,0.001772355055436492
/kaggle/input/datasets/lexuanhieu131297/acne-severity-classification/Classification/JPEGImages/levle1_117.jpg,Deep,r0f0,1,1,0.9468052983283997,0.026819484308362007,0.9468052983283997,0.025924619287252426,0.0004505450779106468
/kaggle/input/datasets/lexuanhieu131297/acne-severity-classification/Classification/JPEGImages/levle0_364.jpg,Medium,r0f0,0,0,0.9619067311286926,0.9619067311286926,0.03777369111776352,0.00017750816186890006,0.0001420757471350953
/kaggle/input/datasets/lexuanhieu131297/acne-severity-classification/Classification/JPEGImages/levle0_422.jpg,Medium,r0f0,0,0,0.9489110708236694,0.9489110708236694,0.05024135112762451,0.000495927466545254,0.0003516652504913509
/kaggle/input/datasets/lexuanhieu131297/acne-severity-classification/Classification/JPEGImages/levle0_372.jpg,Deep,r0f0,0,0,0.9766222834587097,0.9766222834587097,0.02326139807701111,6.734468479407951e-05,4.907833499601111e-05
/kaggle/input/datasets/lexuanhieu131297/acne-severity-classification/Classification/JPEGImages/levle2_73.jpg,Deep,r0f0,2,2,0.9802356958389282,2.7310386940371245e-05,0.017630046233534813,0.9802356958389282,0.0021068942733108997
/kaggle/input/datasets/lexuanhieu131297/acne-severity-classification/Classification/JPEGImages/levle1_586.jpg,Medium,r0f0,1,1,0.9511771202087402,0.04543107748031616,0.9511771202087402,0.00321007426828146,0.00018180879123974591
/kaggle/input/datasets/lexuanhieu131297/acne-severity-classification/Classification/JPEGImages/levle1_342.jpg,Deep,r0f0,1,1,0.9600313305854797,0.03370346873998642,0.9600313305854797,0.005965012591332197,0.0003001879376824945
/kaggle/input/datasets/lexuanhieu131297/acne-severity-classification/Classification/JPEGImages/levle0_115.jpg,Medium,r0f0,0,0,0.9336994290351868,0.9336994290351868,0.0659412369132042,0.00029024865943938494,6.907488568685949e-05
/kaggle/input/datasets/lexuanhieu131297/acne-severity-classification/Classification/JPEGImages/levle2_187.jpg,Deep,r0f0,2,1,0.7378289699554443,0.0008930749027058482,0.7378289699554443,0.2600160539150238,0.0012618998298421502
/kaggle/input/datasets/lexuanhieu131297/acne-severity-classification/Classification/JPEGImages/levle3_94.jpg,Deep,r0f0,3,3,0.9976346492767334,2.081759703287389e-05,7.629648462170735e-05,0.0022681427653878927,0.9976346492767334
/kaggle/input/datasets/lexuanhieu131297/acne-severity-classification/Classification/JPEGImages/levle0_12.jpg,Light,r0f0,0,0,0.9617960453033447,0.9617960453033447,0.036428991705179214,0.0008079712279140949,0.0009670148720033467
/kaggle/input/datasets/lexuanhieu131297/acne-severity-classification/Classification/JPEGImages/levle0_241.jpg,Deep,r0f0,0,0,0.6325655579566956,0.6325655579566956,0.36183562874794006,0.0037834763061255217,0.001815331750549376
/kaggle/input/datasets/lexuanhieu131297/acne-severity-classification/Classification/JPEGImages/levle1_270.jpg,Medium,r0f0,1,0,0.8183799982070923,0.8183799982070923,0.18118421733379364,0.00038041165680624545,5.534130832529627e-05
/kaggle/input/datasets/lexuanhieu131297/acne-severity-classification/Classification/JPEGImages/levle1_312.jpg,Medium,r0f0,1,1,0.8506121039390564,0.007818580605089664,0.8506121039390564,0.13981108367443085,0.0017582440050318837
/kaggle/input/datasets/lexuanhieu131297/acne-severity-classification/Classification/JPEGImages/levle0_295.jpg,Deep,r0f0,0,0,0.937086820602417,0.937086820602417,0.06278090178966522,7.948204438434914e-05,5.274004070088267e-05
/kaggle/input/datasets/lexuanhieu131297/acne-severity-classification/Classification/JPEGImages/levle3_84.jpg,Deep,r0f0,3,3,0.914091169834137,0.004015636630356312,0.021040432155132294,0.060852788388729095,0.914091169834137
/kaggle/input/datasets/lexuanhieu131297/acne-severity-classification/Classification/JPEGImages/levle1_477.jpg,Medium,r0f0,1,1,0.8374656438827515,0.0008687382214702666,0.8374656438827515,0.161401629447937,0.0002639172598719597
/kaggle/input/datasets/lexuanhieu131297/acne-severity-classification/Classification/JPEGImages/levle0_34.jpg,Medium,r0f0,0,1,0.8637705445289612,0.1187395229935646,0.8637705445289612,0.016563568264245987,0.0009262755629606545
/kaggle/input/datasets/lexuanhieu131297/acne-severity-classification/Classification/JPEGImages/levle1_439.jpg,Deep,r0f0,1,1,0.8188585638999939,0.022958599030971527,0.8188585638999939,0.15121494233608246,0.0069678714498877525
/kaggle/input/datasets/lexuanhieu131297/acne-severity-classification/Classification/JPEGImages/levle3_97.jpg,Deep,r0f0,3,3,0.5981990694999695,0.00017537268286105245,0.003139060689136386,0.39848652482032776,0.5981990694999695
/kaggle/input/datasets/lexuanhieu131297/acne-severity-classification/Classification/JPEGImages/levle3_65.jpg,Light,r0f0,3,3,0.9969615340232849,0.0001361871400149539,0.0003872040833812207,0.0025150442961603403,0.9969615340232849
/kaggle/input/datasets/lexuanhieu131297/acne-severity-classification/Classification/JPEGImages/levle1_85.jpg,Deep,r0f0,1,2,0.962547242641449,0.00017385085811838508,0.024126334115862846,0.962547242641449,0.013152534142136574
/kaggle/input/datasets/lexuanhieu131297/acne-severity-classification/Classification/JPEGImages/levle0_493.jpg,Medium,r0f0,0,0,0.8036087155342102,0.8036087155342102,0.1938796490430832,0.0019420068711042404,0.0005695887957699597
/kaggle/input/datasets/lexuanhieu131297/acne-severity-classification/Classification/JPEGImages/levle2_181.jpg,Deep,r0f0,2,2,0.960877537727356,3.8422727811848745e-05,0.03753115236759186,0.960877537727356,0.0015528821386396885
/kaggle/input/datasets/lexuanhieu131297/acne-severity-classification/Classification/JPEGImages/levle0_393.jpg,Deep,r0f0,0,0,0.8872231841087341,0.8872231841087341,0.1125776618719101,0.00015561957843601704,4.355292549007572e-05
/kaggle/input/datasets/lexuanhieu131297/acne-severity-classification/Classification/JPEGImages/levle0_272.jpg,Deep,r0f0,0,0,0.8920197486877441,0.8920197486877441,0.10632868856191635,0.0011118089314550161,0.0005397398490458727
/kaggle/input/datasets/lexuanhieu131297/acne-severity-classification/Classification/JPEGImages/levle0_159.jpg,Deep,r0f0,0,0,0.9918837547302246,0.9918837547302246,0.008053681813180447,3.2308485970133916e-05,3.023268982360605e-05
/kaggle/input/datasets/lexuanhieu131297/acne-severity-classification/Classification/JPEGImages/levle1_136.jpg,Medium,r0f0,1,1,0.9924263954162598,0.005139569286257029,0.9924263954162598,0.0023959639947861433,3.8089525332907215e-05
/kaggle/input/datasets/lexuanhieu131297/acne-severity-classification/Classification/JPEGImages/levle1_101.jpg,Deep,r0f0,1,1,0.7670734524726868,0.20807425677776337,0.7670734524726868,0.02325427159667015,0.0015980025054886937
/kaggle/input/datasets/lexuanhieu131297/acne-severity-classification/Classification/JPEGImages/levle0_368.jpg,Medium,r0f0,0,0,0.9322284460067749,0.9322284460067749,0.06615960597991943,0.001011471264064312,0.00060044857673347
/kaggle/input/datasets/lexuanhieu131297/acne-severity-classification/Classification/JPEGImages/levle0_70.jpg,Deep,r0f0,0,1,0.8698806762695312,0.11618368327617645,0.8698806762695312,0.01342955231666565,0.0005061801057308912
/kaggle/input/datasets/lexuanhieu131297/acne-severity-classification/Classification/JPEGImages/levle1_319.jpg,Medium,r0f0,1,0,0.981610894203186,0.981610894203186,0.018244130536913872,8.325849921675399e-05,6.163124635349959e-05
/kaggle/input/datasets/lexuanhieu131297/acne-severity-classification/Classification/JPEGImages/levle0_47.jpg,Medium,r0f0,0,0,0.9701959490776062,0.9701959490776062,0.029383335262537003,0.00024376163491979241,0.00017695195856504142
/kaggle/input/datasets/lexuanhieu131297/acne-severity-classification/Classification/JPEGImages/levle1_153.jpg,Deep,r0f0,1,1,0.7409569621086121,0.2585807740688324,0.7409569621086121,0.0003864892350975424,7.580754027003422e-05
/kaggle/input/datasets/lexuanhieu131297/acne-severity-classification/Classification/JPEGImages/levle1_232.jpg,Medium,r0f0,1,1,0.5188230872154236,0.4714720845222473,0.5188230872154236,0.008017615415155888,0.0016871611587703228
/kaggle/input/datasets/lexuanhieu131297/acne-severity-classification/Classification/JPEGImages/levle1_238.jpg,Deep,r0f0,1,1,0.8663792610168457,0.11084917187690735,0.8663792610168457,0.021042607724666595,0.0017289700917899609
/kaggle/input/datasets/lexuanhieu131297/acne-severity-classification/Classification/JPEGImages/levle0_81.jpg,Deep,r0f0,0,0,0.7016072273254395,0.7016072273254395,0.2941921353340149,0.0031862426549196243,0.001014414126984775
/kaggle/input/datasets/lexuanhieu131297/acne-severity-classification/Classification/JPEGImages/levle3_121.jpg,Deep,r0f0,3,3,0.9910240173339844,7.05070560798049e-05,0.00047250886564143,0.008432870730757713,0.9910240173339844
/kaggle/input/datasets/lexuanhieu131297/acne-severity-classification/Classification/JPEGImages/levle2_112.jpg,Medium,r0f0,2,2,0.8017550110816956,0.0021678092889487743,0.07479363679885864,0.8017550110816956,0.12128355354070663
/kaggle/input/datasets/lexuanhieu131297/acne-severity-classification/Classification/JPEGImages/levle1_217.jpg,Deep,r0f0,1,1,0.9587104320526123,0.0010463171638548374,0.9587104320526123,0.04003715142607689,0.0002060320693999529
/kaggle/input/datasets/lexuanhieu131297/acne-severity-classification/Classification/JPEGImages/levle2_136.jpg,Medium,r0f0,2,2,0.9820330739021301,6.7312121245777234e-06,0.017811767756938934,0.9820330739021301,0.00014848816499579698
/kaggle/input/datasets/lexuanhieu131297/acne-severity-classification/Classification/JPEGImages/levle0_403.jpg,Medium,r0f0,0,0,0.9857307076454163,0.9857307076454163,0.014033257961273193,0.00013153375766705722,0.00010445900988997892
/kaggle/input/datasets/lexuanhieu131297/acne-severity-classification/Classification/JPEGImages/levle3_66.jpg,Deep,r0f0,3,3,0.9964002370834351,5.542491999221966e-05,0.00015363206330221146,0.003390724305063486,0.9964002370834351
/kaggle/input/datasets/lexuanhieu131297/acne-severity-classification/Classification/JPEGImages/levle1_433.jpg,Medium,r0f0,1,0,0.5152167081832886,0.5152167081832886,0.473713755607605,0.007249378599226475,0.003820153884589672
/kaggle/input/datasets/lexuanhieu131297/acne-severity-classification/Classification/JPEGImages/levle1_464.jpg,Medium,r0f0,1,2,0.8575382232666016,0.0014955638907849789,0.1362133026123047,0.8575382232666016,0.004752891603857279
/kaggle/input/datasets/lexuanhieu131297/acne-severity-classification/Classification/JPEGImages/levle1_447.jpg,Deep,r0f0,1,1,0.8319574594497681,0.0004917363985441625,0.8319574594497681,0.16737984120845795,0.0001709382195258513
/kaggle/input/datasets/lexuanhieu131297/acne-severity-classification/Classification/JPEGImages/levle0_319.jpg,Deep,r0f0,0,0,0.9686301350593567,0.9686301350593567,0.031166987493634224,0.0001289996871491894,7.393374107778072e-05
/kaggle/input/datasets/lexuanhieu131297/acne-severity-classification/Classification/JPEGImages/levle0_248.jpg,Medium,r0f0,0,0,0.9891294240951538,0.9891294240951538,0.010702292434871197,8.948165486799553e-05,7.881319470470771e-05
/kaggle/input/datasets/lexuanhieu131297/acne-severity-classification/Classification/JPEGImages/levle0_355.jpg,Deep,r0f0,0,1,0.7439157366752625,0.25088977813720703,0.7439157366752625,0.00449314434081316,0.000701265234965831
/kaggle/input/datasets/lexuanhieu131297/acne-severity-classification/Classification/JPEGImages/levle0_454.jpg,Medium,r0f0,0,0,0.9856136441230774,0.9856136441230774,0.014045300893485546,0.00013622404367197305,0.00020489630696829408
/kaggle/input/datasets/lexuanhieu131297/acne-severity-classification/Classification/JPEGImages/levle1_121.jpg,Deep,r0f0,1,1,0.7660834789276123,0.23364225029945374,0.7660834789276123,0.0002510391641408205,2.3168564439401962e-05
/kaggle/input/datasets/lexuanhieu131297/acne-severity-classification/Classification/JPEGImages/levle2_63.jpg,Deep,r0f0,2,2,0.8857939839363098,5.9900045016547665e-05,0.11383233964443207,0.8857939839363098,0.00031385375768877566
/kaggle/input/datasets/lexuanhieu131297/acne-severity-classification/Classification/JPEGImages/levle3_3.jpg,Medium,r0f0,3,2,0.8161984086036682,8.173059177352116e-05,0.004249685909599066,0.8161984086036682,0.17947018146514893
/kaggle/input/datasets/lexuanhieu131297/acne-severity-classification/Classification/JPEGImages/levle0_22.jpg,Medium,r0f0,0,0,0.9560399651527405,0.9560399651527405,0.04161756485700607,0.0012659800704568624,0.0010765239130705595
/kaggle/input/datasets/lexuanhieu131297/acne-severity-classification/Classification/JPEGImages/levle0_396.jpg,Deep,r0f0,0,0,0.7901750802993774,0.7901750802993774,0.2085592895746231,0.0009508474031463265,0.00031478339224122465
/kaggle/input/datasets/lexuanhieu131297/acne-severity-classification/Classification/JPEGImages/levle0_394.jpg,Deep,r0f0,0,0,0.8787183165550232,0.8787183165550232,0.12126710265874863,1.2119471648475155e-05,2.3864656668592943e-06
/kaggle/input/datasets/lexuanhieu131297/acne-severity-classification/Classification/JPEGImages/levle1_78.jpg,Deep,r0f0,1,1,0.9925098419189453,0.006667101755738258,0.9925098419189453,0.0008018315420486033,2.1201798517722636e-05
/kaggle/input/datasets/lexuanhieu131297/acne-severity-classification/Classification/JPEGImages/levle1_11.jpg,Light,r0f0,1,1,0.8358643054962158,0.0986667051911354,0.8358643054962158,0.04711020737886429,0.018358761444687843
/kaggle/input/datasets/lexuanhieu131297/acne-severity-classification/Classification/JPEGImages/levle1_43.jpg,Deep,r0f0,1,1,0.964474081993103,0.0353374145925045,0.964474081993103,0.00018220263882540166,6.308123374765273e-06
/kaggle/input/datasets/lexuanhieu131297/acne-severity-classification/Classification/JPEGImages/levle1_587.jpg,Medium,r0f0,1,1,0.9315653443336487,0.010687693022191525,0.9315653443336487,0.0570204071700573,0.0007265968015417457
/kaggle/input/datasets/lexuanhieu131297/acne-severity-classification/Classification/JPEGImages/levle3_100.jpg,Deep,r0f0,3,3,0.949714183807373,3.9246717165042355e-07,5.060612966190092e-05,0.05023479834198952,0.949714183807373
/kaggle/input/datasets/lexuanhieu131297/acne-severity-classification/Classification/JPEGImages/levle0_332.jpg,Medium,r0f0,0,0,0.964139997959137,0.964139997959137,0.03422161936759949,0.0009469161741435528,0.0006914269179105759
/kaggle/input/datasets/lexuanhieu131297/acne-severity-classification/Classification/JPEGImages/levle1_102.jpg,Deep,r0f0,1,1,0.9221709966659546,0.047556452453136444,0.9221709966659546,0.0295780748128891,0.0006944218766875565
/kaggle/input/datasets/lexuanhieu131297/acne-severity-classification/Classification/JPEGImages/levle3_6.jpg,Deep,r0f0,3,3,0.995005190372467,0.0006248154095374048,0.0011469691526144743,0.0032230434007942677,0.995005190372467
/kaggle/input/datasets/lexuanhieu131297/acne-severity-classification/Classification/JPEGImages/levle1_400.jpg,Light,r0f0,1,1,0.5517389178276062,0.020969215780496597,0.5517389178276062,0.3744205832481384,0.05287127196788788
/kaggle/input/datasets/lexuanhieu131297/acne-severity-classification/Classification/JPEGImages/levle1_167.jpg,Deep,r0f0,1,1,0.9669313430786133,0.006502419710159302,0.9669313430786133,0.026337089017033577,0.00022911556879989803
/kaggle/input/datasets/lexuanhieu131297/acne-severity-classification/Classification/JPEGImages/levle0_147.jpg,Medium,r0f0,0,0,0.9984857439994812,0.9984857439994812,0.0015085103223100305,2.989915401485632e-06,2.797815341182286e-06
/kaggle/input/datasets/lexuanhieu131297/acne-severity-classification/Classification/JPEGImages/levle3_81.jpg,Deep,r0f0,3,3,0.9950854182243347,0.00015706781414337456,0.00041787957889027894,0.004339546896517277,0.9950854182243347
/kaggle/input/datasets/lexuanhieu131297/acne-severity-classification/Classification/JPEGImages/levle2_59.jpg,Deep,r0f0,2,2,0.8650744557380676,0.0006276955828070641,0.12456495314836502,0.8650744557380676,0.009732890874147415
/kaggle/input/datasets/lexuanhieu131297/acne-severity-classification/Classification/JPEGImages/levle0_517.jpg,Medium,r0f0,0,0,0.5190539360046387,0.5190539360046387,0.4753813147544861,0.004226866643875837,0.0013378587318584323
/kaggle/input/datasets/lexuanhieu131297/acne-severity-classification/Classification/JPEGImages/levle1_389.jpg,Deep,r0f0,1,1,0.5245293378829956,0.025597168132662773,0.5245293378829956,0.4202381670475006,0.029635298997163773
/kaggle/input/datasets/lexuanhieu131297/acne-severity-classification/Classification/JPEGImages/levle3_22.jpg,Medium,r0f0,3,2,0.9043307304382324,0.0003842442820314318,0.030420154333114624,0.9043307304382324,0.06486494839191437
/kaggle/input/datasets/lexuanhieu131297/acne-severity-classification/Classification/JPEGImages/levle2_29.jpg,Deep,r0f0,2,3,0.9641320109367371,4.91102900923579e-06,0.00012180495104985312,0.035741280764341354,0.9641320109367371
/kaggle/input/datasets/lexuanhieu131297/acne-severity-classification/Classification/JPEGImages/levle0_134.jpg,Deep,r0f0,0,0,0.8682337403297424,0.8682337403297424,0.12980981171131134,0.0012025324394926429,0.0007539968937635422
/kaggle/input/datasets/lexuanhieu131297/acne-severity-classification/Classification/JPEGImages/levle2_166.jpg,Deep,r0f0,2,2,0.9871418476104736,1.9655362848425284e-05,0.007768578361719847,0.9871418476104736,0.0050699422135949135
/kaggle/input/datasets/lexuanhieu131297/acne-severity-classification/Classification/JPEGImages/levle1_174.jpg,Deep,r0f0,1,2,0.7200652360916138,0.0004966076230630279,0.2781526446342468,0.7200652360916138,0.0012855887180194259
/kaggle/input/datasets/lexuanhieu131297/acne-severity-classification/Classification/JPEGImages/levle2_25.jpg,Deep,r0f0,2,2,0.4960445761680603,0.004179947078227997,0.022267989814281464,0.4960445761680603,0.47750750184059143
/kaggle/input/datasets/lexuanhieu131297/acne-severity-classification/Classification/JPEGImages/levle1_518.jpg,Deep,r0f0,1,1,0.7411207556724548,0.2566252052783966,0.7411207556724548,0.0018227585824206471,0.00043125523370690644
/kaggle/input/datasets/lexuanhieu131297/acne-severity-classification/Classification/JPEGImages/levle0_361.jpg,Medium,r0f0,0,0,0.8628004193305969,0.8628004193305969,0.13439838588237762,0.0016429797979071736,0.0011582404840737581
/kaggle/input/datasets/lexuanhieu131297/acne-severity-classification/Classification/JPEGImages/levle2_22.jpg,Medium,r0f0,2,3,0.999728262424469,2.4624980596854584e-06,7.856431693653576e-06,0.00026144273579120636,0.999728262424469
/kaggle/input/datasets/lexuanhieu131297/acne-severity-classification/Classification/JPEGImages/levle2_138.jpg,Deep,r0f0,2,1,0.6463836431503296,0.04641414061188698,0.6463836431503296,0.3008899986743927,0.0063122170977294445
/kaggle/input/datasets/lexuanhieu131297/acne-severity-classification/Classification/JPEGImages/levle3_120.jpg,Medium,r0f0,3,3,0.9974913597106934,1.7121627024607733e-05,7.85535157774575e-05,0.0024129003286361694,0.9974913597106934
/kaggle/input/datasets/lexuanhieu131297/acne-severity-classification/Classification/JPEGImages/levle2_123.jpg,Deep,r0f0,2,3,0.4118492007255554,0.12600620090961456,0.25302156805992126,0.20912304520606995,0.4118492007255554
/kaggle/input/datasets/lexuanhieu131297/acne-severity-classification/Classification/JPEGImages/levle0_346.jpg,Medium,r0f0,0,0,0.9849299788475037,0.9849299788475037,0.014940774068236351,6.871813820907846e-05,6.064355329726823e-05
/kaggle/input/datasets/lexuanhieu131297/acne-severity-classification/Classification/JPEGImages/levle0_496.jpg,Medium,r0f0,0,0,0.9858954548835754,0.9858954548835754,0.013885637745261192,0.00010265601304126903,0.00011632451059995219
/kaggle/input/datasets/lexuanhieu131297/acne-severity-classification/Classification/JPEGImages/levle2_106.jpg,Medium,r0f0,2,1,0.7453312873840332,0.005613401532173157,0.7453312873840332,0.24650529026985168,0.0025500028859823942
/kaggle/input/datasets/lexuanhieu131297/acne-severity-classification/Classification/JPEGImages/levle0_458.jpg,Medium,r0f0,0,0,0.9699698686599731,0.9699698686599731,0.029577992856502533,0.00021633262804243714,0.00023574593069497496
/kaggle/input/datasets/lexuanhieu131297/acne-severity-classification/Classification/JPEGImages/levle1_399.jpg,Medium,r0f0,1,1,0.9514251351356506,0.045776981860399246,0.9514251351356506,0.0026567450258880854,0.00014107760216575116
/kaggle/input/datasets/lexuanhieu131297/acne-severity-classification/Classification/JPEGImages/levle1_289.jpg,Medium,r0f0,1,1,0.9673941135406494,0.01418166235089302,0.9673941135406494,0.017949197441339493,0.00047495527542196214
/kaggle/input/datasets/lexuanhieu131297/acne-severity-classification/Classification/JPEGImages/levle1_297.jpg,Deep,r0f0,1,1,0.9893292784690857,0.005797221790999174,0.9893292784690857,0.004822520539164543,5.0895909225801006e-05
/kaggle/input/datasets/lexuanhieu131297/acne-severity-classification/Classification/JPEGImages/levle0_242.jpg,Deep,r0f0,0,0,0.9656901955604553,0.9656901955604553,0.034226469695568085,5.371667066356167e-05,2.9549508326454088e-05
/kaggle/input/datasets/lexuanhieu131297/acne-severity-classification/Classification/JPEGImages/levle2_107.jpg,Deep,r0f0,2,2,0.9582075476646423,0.00022135610925033689,0.03742686286568642,0.9582075476646423,0.004144180566072464
/kaggle/input/datasets/lexuanhieu131297/acne-severity-classification/Classification/JPEGImages/levle0_20.jpg,Deep,r0f0,0,0,0.6330955624580383,0.6330955624580383,0.3664076030254364,0.0004240209236741066,7.282535807462409e-05
/kaggle/input/datasets/lexuanhieu131297/acne-severity-classification/Classification/JPEGImages/levle1_113.jpg,Deep,r0f0,1,1,0.5643784999847412,0.018212921917438507,0.5643784999847412,0.4009867012500763,0.01642189919948578
/kaggle/input/datasets/lexuanhieu131297/acne-severity-classification/Classification/JPEGImages/levle0_114.jpg,Deep,r0f0,0,1,0.8477526903152466,0.12975342571735382,0.8477526903152466,0.022079281508922577,0.00041459305793978274
/kaggle/input/datasets/lexuanhieu131297/acne-severity-classification/Classification/JPEGImages/levle0_72.jpg,Deep,r0f0,0,0,0.976938784122467,0.976938784122467,0.022818874567747116,0.00010272166400682181,0.00013958360068500042
/kaggle/input/datasets/lexuanhieu131297/acne-severity-classification/Classification/JPEGImages/levle3_78.jpg,Medium,r0f0,3,3,0.5060849785804749,4.184281351626851e-06,0.0005138245178386569,0.49339693784713745,0.5060849785804749
/kaggle/input/datasets/lexuanhieu131297/acne-severity-classification/Classification/JPEGImages/levle1_567.jpg,Deep,r0f0,1,1,0.8454053997993469,0.011506836861371994,0.8454053997993469,0.14218108355998993,0.0009065814665518701
/kaggle/input/datasets/lexuanhieu131297/acne-severity-classification/Classification/JPEGImages/levle1_508.jpg,Medium,r0f0,1,1,0.9966163039207458,0.0027612787671387196,0.9966163039207458,0.0006131235277280211,9.22832350624958e-06
/kaggle/input/datasets/lexuanhieu131297/acne-severity-classification/Classification/JPEGImages/levle2_85.jpg,Deep,r0f0,2,2,0.9798188209533691,3.2040406949818134e-05,0.019262658432126045,0.9798188209533691,0.0008865260169841349
/kaggle/input/datasets/lexuanhieu131297/acne-severity-classification/Classification/JPEGImages/levle0_316.jpg,Deep,r0f0,0,0,0.9799885749816895,0.9799885749816895,0.019751789048314095,0.00013865860819350928,0.0001209401962114498
/kaggle/input/datasets/lexuanhieu131297/acne-severity-classification/Classification/JPEGImages/levle0_382.jpg,Medium,r0f0,0,0,0.9703365564346313,0.9703365564346313,0.029073597863316536,0.00033781808451749384,0.00025202767574228346
/kaggle/input/datasets/lexuanhieu131297/acne-severity-classification/Classification/JPEGImages/levle0_321.jpg,Deep,r0f0,0,1,0.71133953332901,0.21928933262825012,0.71133953332901,0.04623566195368767,0.023135509341955185
/kaggle/input/datasets/lexuanhieu131297/acne-severity-classification/Classification/JPEGImages/levle0_48.jpg,Deep,r0f0,0,1,0.5370879173278809,0.4593956768512726,0.5370879173278809,0.0030712950974702835,0.0004450621781870723
/kaggle/input/datasets/lexuanhieu131297/acne-severity-classification/Classification/JPEGImages/levle0_413.jpg,Deep,r0f0,0,0,0.606721043586731,0.606721043586731,0.37856563925743103,0.012481906451284885,0.0022313357330858707
/kaggle/input/datasets/lexuanhieu131297/acne-severity-classification/Classification/JPEGImages/levle0_4.jpg,Medium,r0f0,0,0,0.8774130344390869,0.8774130344390869,0.11514775454998016,0.002547674346715212,0.004891626071184874
/kaggle/input/datasets/lexuanhieu131297/acne-severity-classification/Classification/JPEGImages/levle1_15.jpg,Deep,r0f0,1,2,0.9919160008430481,1.4563049262505956e-05,0.0055597685277462006,0.9919160008430481,0.0025096572935581207
/kaggle/input/datasets/lexuanhieu131297/acne-severity-classification/Classification/JPEGImages/levle2_74.jpg,Deep,r0f0,2,2,0.57464998960495,0.0002040075632976368,0.4245487153530121,0.57464998960495,0.0005972739309072495
/kaggle/input/datasets/lexuanhieu131297/acne-severity-classification/Classification/JPEGImages/levle0_269.jpg,Deep,r0f0,0,0,0.6511874198913574,0.6511874198913574,0.3465191423892975,0.0016949032433331013,0.0005984633462503552
/kaggle/input/datasets/lexuanhieu131297/acne-severity-classification/Classification/JPEGImages/levle2_2.jpg,Deep,r0f0,2,2,0.9622494578361511,5.642365067615174e-05,0.010943123139441013,0.9622494578361511,0.02675098180770874
/kaggle/input/datasets/lexuanhieu131297/acne-severity-classification/Classification/JPEGImages/levle2_151.jpg,Deep,r0f0,2,2,0.8638102412223816,1.1867408829857595e-05,0.13614177703857422,0.8638102412223816,3.612832006183453e-05
/kaggle/input/datasets/lexuanhieu131297/acne-severity-classification/Classification/JPEGImages/levle0_325.jpg,Deep,r0f0,0,1,0.7177630066871643,0.277805358171463,0.7177630066871643,0.003796015400439501,0.0006356180529110134
/kaggle/input/datasets/lexuanhieu131297/acne-severity-classification/Classification/JPEGImages/levle3_93.jpg,Deep,r0f0,3,3,0.9908584952354431,0.00031532146385870874,0.0009017830016091466,0.007924494333565235,0.9908584952354431
/kaggle/input/datasets/lexuanhieu131297/acne-severity-classification/Classification/JPEGImages/levle0_290.jpg,Deep,r0f0,0,0,0.9576367735862732,0.9576367735862732,0.04199352487921715,0.00022036180598661304,0.000149395753396675
/kaggle/input/datasets/lexuanhieu131297/acne-severity-classification/Classification/JPEGImages/levle3_16.jpg,Medium,r0f0,3,3,0.9998119473457336,7.918712981336284e-06,1.618479836906772e-05,0.00016394027625210583,0.9998119473457336
/kaggle/input/datasets/lexuanhieu131297/acne-severity-classification/Classification/JPEGImages/levle1_185.jpg,Deep,r0f0,1,1,0.8512519001960754,0.12820641696453094,0.8512519001960754,0.01910276524722576,0.001438923878595233
/kaggle/input/datasets/lexuanhieu131297/acne-severity-classification/Classification/JPEGImages/levle1_29.jpg,Light,r0f0,1,3,0.9869679808616638,0.00012180152407381684,0.0006995517178438604,0.01221059076488018,0.9869679808616638
/kaggle/input/datasets/lexuanhieu131297/acne-severity-classification/Classification/JPEGImages/levle0_349.jpg,Medium,r0f0,0,0,0.8627817630767822,0.8627817630767822,0.13518527150154114,0.0012020037975162268,0.0008309790282510221
/kaggle/input/datasets/lexuanhieu131297/acne-severity-classification/Classification/JPEGImages/levle3_50.jpg,Deep,r0f0,3,3,0.9986618757247925,3.8030571886338294e-05,8.89433576958254e-05,0.001211152644827962,0.9986618757247925
/kaggle/input/datasets/lexuanhieu131297/acne-severity-classification/Classification/JPEGImages/levle0_405.jpg,Deep,r0f0,0,1,0.8951249718666077,0.09762591868638992,0.8951249718666077,0.006604713853448629,0.000644445710349828
/kaggle/input/datasets/lexuanhieu131297/acne-severity-classification/Classification/JPEGImages/levle3_21.jpg,Deep,r0f0,3,2,0.4631621837615967,0.01401705201715231,0.07423729449510574,0.4631621837615967,0.4485835134983063
/kaggle/input/datasets/lexuanhieu131297/acne-severity-classification/Classification/JPEGImages/levle1_328.jpg,Deep,r0f0,1,1,0.9339643120765686,0.04894552007317543,0.9339643120765686,0.016179973259568214,0.000910141272470355
/kaggle/input/datasets/lexuanhieu131297/acne-severity-classification/Classification/JPEGImages/levle1_632.jpg,Deep,r0f0,1,1,0.7454665303230286,0.25363221764564514,0.7454665303230286,0.0008296336745843291,7.164802082115784e-05
/kaggle/input/datasets/lexuanhieu131297/acne-severity-classification/Classification/JPEGImages/levle0_206.jpg,Medium,r0f0,0,0,0.9908558130264282,0.9908558130264282,0.008793032728135586,0.00012228131527081132,0.00022889819229021668
/kaggle/input/datasets/lexuanhieu131297/acne-severity-classification/Classification/JPEGImages/levle0_53.jpg,Medium,r0f0,0,0,0.8869595527648926,0.8869595527648926,0.11123304814100266,0.0010446258820593357,0.000762773328460753
/kaggle/input/datasets/lexuanhieu131297/acne-severity-classification/Classification/JPEGImages/levle0_228.jpg,Medium,r0f0,0,0,0.9408875107765198,0.9408875107765198,0.05887044966220856,0.0001637480454519391,7.826086948625743e-05
/kaggle/input/datasets/lexuanhieu131297/acne-severity-classification/Classification/JPEGImages/levle0_489.jpg,Medium,r0f0,0,0,0.8797212243080139,0.8797212243080139,0.1175553947687149,0.0016268347389996052,0.0010964800603687763
/kaggle/input/datasets/lexuanhieu131297/acne-severity-classification/Classification/JPEGImages/levle0_160.jpg,Medium,r0f0,0,0,0.9599480628967285,0.9599480628967285,0.039738040417432785,0.0002003418339882046,0.00011348444240866229
/kaggle/input/datasets/lexuanhieu131297/acne-severity-classification/Classification/JPEGImages/levle1_214.jpg,Medium,r0f0,1,1,0.9587882161140442,0.034306950867176056,0.9587882161140442,0.006645836401730776,0.00025894836289808154
/kaggle/input/datasets/lexuanhieu131297/acne-severity-classification/Classification/JPEGImages/levle1_298.jpg,Deep,r0f0,1,1,0.8611959218978882,0.07346242666244507,0.8611959218978882,0.06128283217549324,0.004058851860463619
/kaggle/input/datasets/lexuanhieu131297/acne-severity-classification/Classification/JPEGImages/levle1_404.jpg,Deep,r0f0,1,0,0.621338963508606,0.621338963508606,0.3775978982448578,0.0008472330518998206,0.00021589416428469121
/kaggle/input/datasets/lexuanhieu131297/acne-severity-classification/Classification/JPEGImages/levle0_327.jpg,Medium,r0f0,0,0,0.5452505946159363,0.5452505946159363,0.4458905756473541,0.006435260642319918,0.0024235413875430822
/kaggle/input/datasets/lexuanhieu131297/acne-severity-classification/Classification/JPEGImages/levle3_112.jpg,Deep,r0f0,3,1,0.33633503317832947,0.15875710546970367,0.33633503317832947,0.26117169857025146,0.2437361478805542
/kaggle/input/datasets/lexuanhieu131297/acne-severity-classification/Classification/JPEGImages/levle0_282.jpg,Deep,r0f0,0,0,0.9821124076843262,0.9821124076843262,0.017657330259680748,0.00011816363985417411,0.00011209380318177864
/kaggle/input/datasets/lexuanhieu131297/acne-severity-classification/Classification/JPEGImages/levle1_361.jpg,Deep,r0f0,1,1,0.9715752601623535,0.008099555969238281,0.9715752601623535,0.020093144848942757,0.0002320215426152572
/kaggle/input/datasets/lexuanhieu131297/acne-severity-classification/Classification/JPEGImages/levle1_196.jpg,Medium,r0f0,1,2,0.7694927453994751,0.004206988960504532,0.22154246270656586,0.7694927453994751,0.004757841117680073
/kaggle/input/datasets/lexuanhieu131297/acne-severity-classification/Classification/JPEGImages/levle3_118.jpg,Deep,r0f0,3,3,0.9995081424713135,3.3000078474287875e-06,1.2551778127090074e-05,0.0004760888696182519,0.9995081424713135
/kaggle/input/datasets/lexuanhieu131297/acne-severity-classification/Classification/JPEGImages/levle1_146.jpg,Deep,r0f0,1,1,0.9970346689224243,0.0011270790128037333,0.9970346689224243,0.001820518751628697,1.7726149962982163e-05
/kaggle/input/datasets/lexuanhieu131297/acne-severity-classification/Classification/JPEGImages/levle0_476.jpg,Deep,r0f0,0,0,0.8442752361297607,0.8442752361297607,0.15315452218055725,0.0013940714998170733,0.00117622094694525
/kaggle/input/datasets/lexuanhieu131297/acne-severity-classification/Classification/JPEGImages/levle0_24.jpg,Medium,r0f0,0,0,0.9663071632385254,0.9663071632385254,0.033357106149196625,0.00016459741163998842,0.00017115425725933164
/kaggle/input/datasets/lexuanhieu131297/acne-severity-classification/Classification/JPEGImages/levle0_532.jpg,Medium,r0f0,0,0,0.7472379207611084,0.7472379207611084,0.232276052236557,0.01047305203974247,0.010012994520366192
/kaggle/input/datasets/lexuanhieu131297/acne-severity-classification/Classification/JPEGImages/levle1_403.jpg,Deep,r0f0,1,1,0.7647337317466736,0.22782781720161438,0.7647337317466736,0.0067665306851267815,0.0006719430675730109
/kaggle/input/datasets/lexuanhieu131297/acne-severity-classification/Classification/JPEGImages/levle0_14.jpg,Medium,r0f0,0,1,0.7077367305755615,0.027281608432531357,0.7077367305755615,0.24369320273399353,0.02128847874701023
/kaggle/input/datasets/lexuanhieu131297/acne-severity-classification/Classification/JPEGImages/levle2_178.jpg,Medium,r0f0,2,2,0.9624236822128296,8.605136827100068e-05,0.034019213169813156,0.9624236822128296,0.0034710417967289686
/kaggle/input/datasets/lexuanhieu131297/acne-severity-classification/Classification/JPEGImages/levle1_570.jpg,Deep,r0f0,1,1,0.9430974721908569,0.021329844370484352,0.9430974721908569,0.033020179718732834,0.002552466932684183
/kaggle/input/datasets/lexuanhieu131297/acne-severity-classification/Classification/JPEGImages/levle1_119.jpg,Deep,r0f0,1,1,0.9126957058906555,0.020501624792814255,0.9126957058906555,0.0661073848605156,0.0006953882402740419
/kaggle/input/datasets/lexuanhieu131297/acne-severity-classification/Classification/JPEGImages/levle0_416.jpg,Medium,r0f0,0,0,0.9394902586936951,0.9394902586936951,0.06011828035116196,0.0002532412763684988,0.00013822378241457045
/kaggle/input/datasets/lexuanhieu131297/acne-severity-classification/Classification/JPEGImages/levle0_26.jpg,Medium,r0f0,0,0,0.782219648361206,0.782219648361206,0.21721453964710236,0.0004250950296409428,0.000140730116982013
/kaggle/input/datasets/lexuanhieu131297/acne-severity-classification/Classification/JPEGImages/levle1_3.jpg,Deep,r0f0,1,2,0.7368103265762329,0.0005883213598281145,0.25889748334884644,0.7368103265762329,0.003703809343278408
/kaggle/input/datasets/lexuanhieu131297/acne-severity-classification/Classification/JPEGImages/levle1_590.jpg,Deep,r0f0,1,3,0.8666468858718872,0.0028570450376719236,0.02566428668797016,0.10483182966709137,0.8666468858718872
/kaggle/input/datasets/lexuanhieu131297/acne-severity-classification/Classification/JPEGImages/levle0_132.jpg,Deep,r0f0,0,0,0.9987861514091492,0.9987861514091492,0.0012101210886612535,1.7999042256633402e-06,1.90851824299898e-06
/kaggle/input/datasets/lexuanhieu131297/acne-severity-classification/Classification/JPEGImages/levle1_482.jpg,Deep,r0f0,1,1,0.6666021943092346,0.3287055194377899,0.6666021943092346,0.004073640797287226,0.0006186420796439052
/kaggle/input/datasets/lexuanhieu131297/acne-severity-classification/Classification/JPEGImages/levle2_14.jpg,Deep,r0f0,2,2,0.7487481236457825,0.015539771877229214,0.16385690867900848,0.7487481236457825,0.07185517996549606
/kaggle/input/datasets/lexuanhieu131297/acne-severity-classification/Classification/JPEGImages/levle0_467.jpg,Medium,r0f0,0,0,0.9940415024757385,0.9940415024757385,0.005922342650592327,1.5354509741882794e-05,2.0742620108649135e-05
/kaggle/input/datasets/lexuanhieu131297/acne-severity-classification/Classification/JPEGImages/levle1_575.jpg,Deep,r0f0,1,1,0.9955260157585144,0.00039044086588546634,0.9955260157585144,0.004070474300533533,1.305066416534828e-05
/kaggle/input/datasets/lexuanhieu131297/acne-severity-classification/Classification/JPEGImages/levle0_469.jpg,Medium,r0f0,0,1,0.6252624988555908,0.3682914972305298,0.6252624988555908,0.006028932519257069,0.00041714205872267485
/kaggle/input/datasets/lexuanhieu131297/acne-severity-classification/Classification/JPEGImages/levle0_35.jpg,Deep,r0f0,0,0,0.5527107119560242,0.5527107119560242,0.44152089953422546,0.004634762182831764,0.0011335810413584113
/kaggle/input/datasets/lexuanhieu131297/acne-severity-classification/Classification/JPEGImages/levle1_388.jpg,Deep,r0f0,1,1,0.9408562183380127,0.041989319026470184,0.9408562183380127,0.01675938256084919,0.00039510635542683303
/kaggle/input/datasets/lexuanhieu131297/acne-severity-classification/Classification/JPEGImages/levle1_277.jpg,Medium,r0f0,1,1,0.5594285130500793,0.43102821707725525,0.5594285130500793,0.00812926422804594,0.0014140346320345998
/kaggle/input/datasets/lexuanhieu131297/acne-severity-classification/Classification/JPEGImages/levle0_359.jpg,Medium,r0f0,0,0,0.6092681884765625,0.6092681884765625,0.3816428482532501,0.006223137490451336,0.0028659033123403788
/kaggle/input/datasets/lexuanhieu131297/acne-severity-classification/Classification/JPEGImages/levle2_16.jpg,Deep,r0f0,2,2,0.6033719778060913,0.006861810572445393,0.06139802187681198,0.6033719778060913,0.3283681571483612
/kaggle/input/datasets/lexuanhieu131297/acne-severity-classification/Classification/JPEGImages/levle1_542.jpg,Deep,r0f0,1,1,0.7888679504394531,0.20760515332221985,0.7888679504394531,0.003052348969504237,0.00047453652950935066
/kaggle/input/datasets/lexuanhieu131297/acne-severity-classification/Classification/JPEGImages/levle3_54.jpg,Medium,r0f0,3,3,0.8759126663208008,0.0011712586274370551,0.007402582559734583,0.11551351100206375,0.8759126663208008
/kaggle/input/datasets/lexuanhieu131297/acne-severity-classification/Classification/JPEGImages/levle0_60.jpg,Deep,r0f0,0,0,0.8607023358345032,0.8607023358345032,0.11889687180519104,0.008912334218621254,0.011488453485071659
/kaggle/input/datasets/lexuanhieu131297/acne-severity-classification/Classification/JPEGImages/levle1_280.jpg,Deep,r0f0,1,1,0.8395357728004456,0.08821140974760056,0.8395357728004456,0.06481711566448212,0.0074356538243591785
/kaggle/input/datasets/lexuanhieu131297/acne-severity-classification/Classification/JPEGImages/levle2_176.jpg,Deep,r0f0,2,2,0.9633444547653198,1.3924292943556793e-05,0.0033217412419617176,0.9633444547653198,0.03331984579563141
/kaggle/input/datasets/lexuanhieu131297/acne-severity-classification/Classification/JPEGImages/levle1_44.jpg,Deep,r0f0,1,1,0.8164585828781128,0.18253269791603088,0.8164585828781128,0.0009068681392818689,0.00010194671631325036
/kaggle/input/datasets/lexuanhieu131297/acne-severity-classification/Classification/JPEGImages/levle2_164.jpg,Deep,r0f0,2,2,0.935370683670044,0.0004936482291668653,0.05225718021392822,0.935370683670044,0.011878522112965584
/kaggle/input/datasets/lexuanhieu131297/acne-severity-classification/Classification/JPEGImages/levle1_530.jpg,Deep,r0f0,1,1,0.8870317935943604,0.004139989614486694,0.8870317935943604,0.10803032666444778,0.0007978848298080266
/kaggle/input/datasets/lexuanhieu131297/acne-severity-classification/Classification/JPEGImages/levle0_232.jpg,Deep,r0f0,0,0,0.9702990651130676,0.9702990651130676,0.02958803065121174,7.011966954451054e-05,4.2863299313466996e-05
/kaggle/input/datasets/lexuanhieu131297/acne-severity-classification/Classification/JPEGImages/levle2_147.jpg,Deep,r0f0,2,2,0.9854654669761658,1.51308495333069e-06,0.014488968066871166,0.9854654669761658,4.404643186717294e-05
/kaggle/input/datasets/lexuanhieu131297/acne-severity-classification/Classification/JPEGImages/levle1_110.jpg,Deep,r0f0,1,1,0.9975042939186096,0.0009366489830426872,0.9975042939186096,0.0015556252328678966,3.451444854363217e-06
/kaggle/input/datasets/lexuanhieu131297/acne-severity-classification/Classification/JPEGImages/levle1_163.jpg,Deep,r0f0,1,1,0.978783369064331,0.009273219853639603,0.978783369064331,0.011551983654499054,0.000391445733839646
/kaggle/input/datasets/lexuanhieu131297/acne-severity-classification/Classification/JPEGImages/levle2_36.jpg,Deep,r0f0,2,3,0.9996024966239929,3.479549559415318e-05,4.148239895584993e-05,0.00032122578704729676,0.9996024966239929
/kaggle/input/datasets/lexuanhieu131297/acne-severity-classification/Classification/JPEGImages/levle1_259.jpg,Deep,r0f0,1,1,0.5037623047828674,0.4546671211719513,0.5037623047828674,0.021515728905797005,0.020054863765835762
/kaggle/input/datasets/lexuanhieu131297/acne-severity-classification/Classification/JPEGImages/levle3_106.jpg,Deep,r0f0,3,2,0.986420214176178,3.263650796725415e-05,0.0049585518427193165,0.986420214176178,0.008588550612330437
/kaggle/input/datasets/lexuanhieu131297/acne-severity-classification/Classification/JPEGImages/levle1_19.jpg,Medium,r0f0,1,0,0.5841489434242249,0.5841489434242249,0.39103177189826965,0.013617652468383312,0.01120157539844513
/kaggle/input/datasets/lexuanhieu131297/acne-severity-classification/Classification/JPEGImages/levle0_401.jpg,Medium,r0f0,0,1,0.8956791162490845,0.10368238389492035,0.8956791162490845,0.0005917426897212863,4.680371057474986e-05
/kaggle/input/datasets/lexuanhieu131297/acne-severity-classification/Classification/JPEGImages/levle0_146.jpg,Deep,r0f0,0,1,0.6782629489898682,0.3203887343406677,0.6782629489898682,0.001081261900253594,0.00026705284835770726
/kaggle/input/datasets/lexuanhieu131297/acne-severity-classification/Classification/JPEGImages/levle1_250.jpg,Medium,r0f0,1,1,0.9873550534248352,0.01013803668320179,0.9873550534248352,0.0024141755420714617,9.269805741496384e-05
/kaggle/input/datasets/lexuanhieu131297/acne-severity-classification/Classification/JPEGImages/levle3_117.jpg,Deep,r0f0,3,3,0.9971317052841187,9.583598148310557e-05,0.0001847286766860634,0.0025877307634800673,0.9971317052841187
/kaggle/input/datasets/lexuanhieu131297/acne-severity-classification/Classification/JPEGImages/levle2_52.jpg,Deep,r0f0,2,2,0.8208826780319214,0.00010826064681168646,0.17857159674167633,0.8208826780319214,0.00043747786548919976
/kaggle/input/datasets/lexuanhieu131297/acne-severity-classification/Classification/JPEGImages/levle1_340.jpg,Deep,r0f0,1,1,0.9380267262458801,0.053126972168684006,0.9380267262458801,0.008488398045301437,0.00035796669544652104
/kaggle/input/datasets/lexuanhieu131297/acne-severity-classification/Classification/JPEGImages/levle0_470.jpg,Medium,r0f0,0,0,0.9396583437919617,0.9396583437919617,0.0598946213722229,0.0003146051603835076,0.00013243396824691445
/kaggle/input/datasets/lexuanhieu131297/acne-severity-classification/Classification/JPEGImages/levle1_132.jpg,Deep,r0f0,1,1,0.9538133144378662,0.022640611976385117,0.9538133144378662,0.022596435621380806,0.0009496693965047598
/kaggle/input/datasets/lexuanhieu131297/acne-severity-classification/Classification/JPEGImages/levle1_65.jpg,Medium,r0f0,1,1,0.7322490215301514,0.2555418610572815,0.7322490215301514,0.010692667216062546,0.0015165427466854453
/kaggle/input/datasets/lexuanhieu131297/acne-severity-classification/Classification/JPEGImages/levle1_253.jpg,Medium,r0f0,1,0,0.9559800028800964,0.9559800028800964,0.043761420994997025,0.00016000094183254987,9.857373515842482e-05
/kaggle/input/datasets/lexuanhieu131297/acne-severity-classification/Classification/JPEGImages/levle0_162.jpg,Deep,r0f0,0,0,0.9938475489616394,0.9938475489616394,0.006133056711405516,1.2776663425029255e-05,6.551222213602159e-06
/kaggle/input/datasets/lexuanhieu131297/acne-severity-classification/Classification/JPEGImages/levle1_257.jpg,Deep,r0f0,1,3,0.8716173768043518,0.01607373356819153,0.04255593195557594,0.06975296139717102,0.8716173768043518
/kaggle/input/datasets/lexuanhieu131297/acne-severity-classification/Classification/JPEGImages/levle1_10.jpg,Deep,r0f0,1,3,0.8148836493492126,0.04395311325788498,0.061923325061798096,0.07923981547355652,0.8148836493492126
/kaggle/input/datasets/lexuanhieu131297/acne-severity-classification/Classification/JPEGImages/levle0_210.jpg,Deep,r0f0,0,1,0.8139059543609619,0.18555091321468353,0.8139059543609619,0.0004934378666803241,4.972337046638131e-05
/kaggle/input/datasets/lexuanhieu131297/acne-severity-classification/Classification/JPEGImages/levle1_208.jpg,Medium,r0f0,1,1,0.9767300486564636,0.014593804255127907,0.9767300486564636,0.008388703688979149,0.0002874664787668735
/kaggle/input/datasets/lexuanhieu131297/acne-severity-classification/Classification/JPEGImages/levle1_221.jpg,Medium,r0f0,1,2,0.5112380981445312,0.03526910021901131,0.4357930123806,0.5112380981445312,0.017699813470244408
/kaggle/input/datasets/lexuanhieu131297/acne-severity-classification/Classification/JPEGImages/levle1_616.jpg,Deep,r0f0,1,0,0.6170960664749146,0.6170960664749146,0.37319275736808777,0.007936791516840458,0.001774400006979704
/kaggle/input/datasets/lexuanhieu131297/acne-severity-classification/Classification/JPEGImages/levle1_368.jpg,Deep,r0f0,1,0,0.8163626790046692,0.8163626790046692,0.18073758482933044,0.0017823014641180634,0.0011175164254382253
/kaggle/input/datasets/lexuanhieu131297/acne-severity-classification/Classification/JPEGImages/levle1_520.jpg,Medium,r0f0,1,0,0.9975700974464417,0.9975700974464417,0.002420170698314905,4.380401151138358e-06,5.283771770336898e-06
/kaggle/input/datasets/lexuanhieu131297/acne-severity-classification/Classification/JPEGImages/levle1_512.jpg,Medium,r0f0,1,0,0.9870304465293884,0.9870304465293884,0.012919830158352852,3.3825202990556136e-05,1.597789378138259e-05
/kaggle/input/datasets/lexuanhieu131297/acne-severity-classification/Classification/JPEGImages/levle1_356.jpg,Deep,r0f0,1,1,0.9378630518913269,0.0021500238217413425,0.9378630518913269,0.059605300426483154,0.0003817319229710847
/kaggle/input/datasets/lexuanhieu131297/acne-severity-classification/Classification/JPEGImages/levle1_354.jpg,Deep,r0f0,1,1,0.9853600859642029,0.011144560761749744,0.9853600859642029,0.003404296701774001,9.107650839723647e-05
/kaggle/input/datasets/lexuanhieu131297/acne-severity-classification/Classification/JPEGImages/levle0_195.jpg,Medium,r0f0,0,0,0.9778667092323303,0.9778667092323303,0.02175207994878292,0.0001698516571195796,0.0002113837981596589
/kaggle/input/datasets/lexuanhieu131297/acne-severity-classification/Classification/JPEGImages/levle0_122.jpg,Deep,r0f0,0,0,0.9901476502418518,0.9901476502418518,0.009802325628697872,2.5915160222211853e-05,2.4061409931164235e-05
/kaggle/input/datasets/lexuanhieu131297/acne-severity-classification/Classification/JPEGImages/levle1_33.jpg,Deep,r0f0,1,2,0.7587778568267822,2.6828489353647456e-05,0.24110311269760132,0.7587778568267822,9.218886407325044e-05
/kaggle/input/datasets/lexuanhieu131297/acne-severity-classification/Classification/JPEGImages/levle1_287.jpg,Deep,r0f0,1,1,0.6992157101631165,0.2838915288448334,0.6992157101631165,0.014797979034483433,0.0020947044249624014
/kaggle/input/datasets/lexuanhieu131297/acne-severity-classification/Classification/JPEGImages/levle1_505.jpg,Medium,r0f0,1,1,0.9739590287208557,0.0018691987497732043,0.9739590287208557,0.02411029115319252,6.139015749795362e-05
/kaggle/input/datasets/lexuanhieu131297/acne-severity-classification/Classification/JPEGImages/levle2_114.jpg,Medium,r0f0,2,1,0.5312715172767639,0.00018423858273308724,0.5312715172767639,0.4679306149482727,0.0006136081647127867
/kaggle/input/datasets/lexuanhieu131297/acne-severity-classification/Classification/JPEGImages/levle1_381.jpg,Deep,r0f0,1,0,0.6860613822937012,0.6860613822937012,0.3134889304637909,0.0003809349436778575,6.869923527119681e-05
/kaggle/input/datasets/lexuanhieu131297/acne-severity-classification/Classification/JPEGImages/levle1_448.jpg,Deep,r0f0,1,1,0.8748003840446472,0.0938355103135109,0.8748003840446472,0.024170394986867905,0.007193763740360737
/kaggle/input/datasets/lexuanhieu131297/acne-severity-classification/Classification/JPEGImages/levle1_286.jpg,Medium,r0f0,1,0,0.6158856153488159,0.6158856153488159,0.38315969705581665,0.0006277516949921846,0.00032694792025722563
/kaggle/input/datasets/lexuanhieu131297/acne-severity-classification/Classification/JPEGImages/levle1_2.jpg,Medium,r0f0,1,2,0.918420135974884,0.0002916990779340267,0.07721399515867233,0.918420135974884,0.004074248019605875
/kaggle/input/datasets/lexuanhieu131297/acne-severity-classification/Classification/JPEGImages/levle2_30.jpg,Light,r0f0,2,3,0.5504339337348938,0.0015673382440581918,0.016379956156015396,0.4316188097000122,0.5504339337348938
/kaggle/input/datasets/lexuanhieu131297/acne-severity-classification/Classification/JPEGImages/levle1_323.jpg,Medium,r0f0,1,1,0.9249001145362854,0.07216134667396545,0.9249001145362854,0.002680318895727396,0.0002582291199360043
/kaggle/input/datasets/lexuanhieu131297/acne-severity-classification/Classification/JPEGImages/levle1_190.jpg,Deep,r0f0,1,1,0.8995986580848694,0.005627863574773073,0.8995986580848694,0.09325588494539261,0.0015176803572103381
/kaggle/input/datasets/lexuanhieu131297/acne-severity-classification/Classification/JPEGImages/levle0_426.jpg,Deep,r0f0,0,0,0.958723783493042,0.958723783493042,0.04106730595231056,0.00012793001951649785,8.100023842416704e-05
/kaggle/input/datasets/lexuanhieu131297/acne-severity-classification/Classification/JPEGImages/levle1_540.jpg,Medium,r0f0,1,2,0.5883887410163879,1.6651276382617652e-05,0.4115646183490753,0.5883887410163879,3.003401798196137e-05
/kaggle/input/datasets/lexuanhieu131297/acne-severity-classification/Classification/JPEGImages/levle2_126.jpg,Deep,r0f0,2,1,0.9867238402366638,0.005298052914440632,0.9867238402366638,0.007830014452338219,0.00014803637168370187
/kaggle/input/datasets/lexuanhieu131297/acne-severity-classification/Classification/JPEGImages/levle3_18.jpg,Medium,r0f0,3,3,0.9985023736953735,1.0559021575318184e-05,4.550936137093231e-05,0.001441564760170877,0.9985023736953735
/kaggle/input/datasets/lexuanhieu131297/acne-severity-classification/Classification/JPEGImages/levle1_432.jpg,Medium,r0f0,1,1,0.9643567800521851,0.032789673656225204,0.9643567800521851,0.002664082683622837,0.00018943773466162384
/kaggle/input/datasets/lexuanhieu131297/acne-severity-classification/Classification/JPEGImages/levle0_340.jpg,Medium,r0f0,0,0,0.9743483066558838,0.9743483066558838,0.02519121766090393,0.00024817485245876014,0.00021227519027888775
/kaggle/input/datasets/lexuanhieu131297/acne-severity-classification/Classification/JPEGImages/levle1_341.jpg,Deep,r0f0,1,1,0.8455780148506165,0.11091569066047668,0.8455780148506165,0.04171008989214897,0.0017962900456041098
/kaggle/input/datasets/lexuanhieu131297/acne-severity-classification/Classification/JPEGImages/levle3_74.jpg,Deep,r0f0,3,3,0.9826697111129761,7.384251512121409e-05,0.0005456263897940516,0.016710784286260605,0.9826697111129761
/kaggle/input/datasets/lexuanhieu131297/acne-severity-classification/Classification/JPEGImages/levle0_425.jpg,Deep,r0f0,0,0,0.9907834529876709,0.9907834529876709,0.009169463999569416,2.8480511900852434e-05,1.8605158402351663e-05
/kaggle/input/datasets/lexuanhieu131297/acne-severity-classification/Classification/JPEGImages/levle1_20.jpg,Deep,r0f0,1,2,0.8638102412223816,1.1867408829857595e-05,0.13614177703857422,0.8638102412223816,3.612832006183453e-05
/kaggle/input/datasets/lexuanhieu131297/acne-severity-classification/Classification/JPEGImages/levle1_413.jpg,Medium,r0f0,1,0,0.8115184903144836,0.8115184903144836,0.18302986025810242,0.003953844308853149,0.0014977818354964256
/kaggle/input/datasets/lexuanhieu131297/acne-severity-classification/Classification/JPEGImages/levle1_574.jpg,Deep,r0f0,1,1,0.5515879988670349,0.44062402844429016,0.5515879988670349,0.005439356435090303,0.0023485941346734762
/kaggle/input/datasets/lexuanhieu131297/acne-severity-classification/Classification/JPEGImages/levle1_353.jpg,Deep,r0f0,1,1,0.985233724117279,0.004461200907826424,0.985233724117279,0.010204313322901726,0.00010079957428388298
/kaggle/input/datasets/lexuanhieu131297/acne-severity-classification/Classification/JPEGImages/levle0_524.jpg,Medium,r0f0,0,1,0.8801425695419312,0.11244527995586395,0.8801425695419312,0.00696722324937582,0.0004449648840818554
/kaggle/input/datasets/lexuanhieu131297/acne-severity-classification/Classification/JPEGImages/levle3_34.jpg,Medium,r0f0,3,3,0.9994561076164246,2.272715028084349e-05,4.423763675731607e-05,0.0004769948136527091,0.9994561076164246
/kaggle/input/datasets/lexuanhieu131297/acne-severity-classification/Classification/JPEGImages/levle1_225.jpg,Medium,r0f0,1,2,0.7839030623435974,0.000516885775141418,0.21472615003585815,0.7839030623435974,0.0008538666879758239
/kaggle/input/datasets/lexuanhieu131297/acne-severity-classification/Classification/JPEGImages/levle1_107.jpg,Deep,r0f0,1,1,0.9506050944328308,0.02625843696296215,0.9506050944328308,0.02213883027434349,0.0009977263398468494
/kaggle/input/datasets/lexuanhieu131297/acne-severity-classification/Classification/JPEGImages/levle1_46.jpg,Deep,r0f0,1,1,0.9391989707946777,0.004558084532618523,0.9391989707946777,0.055841512978076935,0.00040140474447980523
/kaggle/input/datasets/lexuanhieu131297/acne-severity-classification/Classification/JPEGImages/levle0_8.jpg,Deep,r0f0,0,0,0.9859635233879089,0.9859635233879089,0.01302933506667614,0.00030292459996417165,0.0007043207879178226
/kaggle/input/datasets/lexuanhieu131297/acne-severity-classification/Classification/JPEGImages/levle1_45.jpg,Deep,r0f0,1,1,0.9047296643257141,0.005594023037701845,0.9047296643257141,0.08892666548490524,0.000749711412936449
/kaggle/input/datasets/lexuanhieu131297/acne-severity-classification/Classification/JPEGImages/levle1_249.jpg,Medium,r0f0,1,1,0.9120535254478455,0.08524943143129349,0.9120535254478455,0.0024301777593791485,0.0002668629458639771
/kaggle/input/datasets/lexuanhieu131297/acne-severity-classification/Classification/JPEGImages/levle1_104.jpg,Deep,r0f0,1,1,0.6522975564002991,0.024040011689066887,0.6522975564002991,0.30542728304862976,0.01823517680168152
/kaggle/input/datasets/lexuanhieu131297/acne-severity-classification/Classification/JPEGImages/levle2_48.jpg,Deep,r0f0,2,2,0.9976964592933655,2.177218448196072e-06,0.00095158233307302,0.9976964592933655,0.0013498322805389762
/kaggle/input/datasets/lexuanhieu131297/acne-severity-classification/Classification/JPEGImages/levle1_609.jpg,Deep,r0f0,1,1,0.9306440949440002,0.03418126329779625,0.9306440949440002,0.033356864005327225,0.0018177430611103773
/kaggle/input/datasets/lexuanhieu131297/acne-severity-classification/Classification/JPEGImages/levle2_169.jpg,Deep,r0f0,2,1,0.6778425574302673,0.0005750199197791517,0.6778425574302673,0.32081612944602966,0.0007662542629987001
/kaggle/input/datasets/lexuanhieu131297/acne-severity-classification/Classification/JPEGImages/levle0_226.jpg,Deep,r0f0,0,1,0.6596759557723999,0.13915611803531647,0.6596759557723999,0.14995023608207703,0.05121767520904541
/kaggle/input/datasets/lexuanhieu131297/acne-severity-classification/Classification/JPEGImages/levle1_333.jpg,Medium,r0f0,1,1,0.8972944021224976,0.10195986926555634,0.8972944021224976,0.0006587489042431116,8.691683615325019e-05
/kaggle/input/datasets/lexuanhieu131297/acne-severity-classification/Classification/JPEGImages/levle1_31.jpg,Deep,r0f0,1,1,0.5526100993156433,0.03643079474568367,0.5526100993156433,0.36865729093551636,0.04230175167322159
/kaggle/input/datasets/lexuanhieu131297/acne-severity-classification/Classification/JPEGImages/levle1_437.jpg,Medium,r0f0,1,1,0.9171889424324036,0.0744466632604599,0.9171889424324036,0.0074036819860339165,0.0009607754182070494
/kaggle/input/datasets/lexuanhieu131297/acne-severity-classification/Classification/JPEGImages/levle1_48.jpg,Deep,r0f0,1,1,0.9181458950042725,0.07562404870986938,0.9181458950042725,0.005926225800067186,0.00030382131808437407
/kaggle/input/datasets/lexuanhieu131297/acne-severity-classification/Classification/JPEGImages/levle3_87.jpg,Light,r0f1,3,3,0.947579562664032,2.9799113690387458e-05,0.0008794039022177458,0.051511313766241074,0.947579562664032
/kaggle/input/datasets/lexuanhieu131297/acne-severity-classification/Classification/JPEGImages/levle0_73.jpg,Deep,r0f1,0,1,0.8056581616401672,0.1385234296321869,0.8056581616401672,0.04828912764787674,0.007529344409704208
/kaggle/input/datasets/lexuanhieu131297/acne-severity-classification/Classification/JPEGImages/levle1_415.jpg,Deep,r0f1,1,1,0.6054984331130981,0.39400532841682434,0.6054984331130981,0.00041112006874755025,8.517148671671748e-05
/kaggle/input/datasets/lexuanhieu131297/acne-severity-classification/Classification/JPEGImages/levle0_428.jpg,Medium,r0f1,0,0,0.946502149105072,0.946502149105072,0.05318981409072876,0.00019220748799853027,0.00011589864880079404
/kaggle/input/datasets/lexuanhieu131297/acne-severity-classification/Classification/JPEGImages/levle0_56.jpg,Deep,r0f1,0,0,0.5946887135505676,0.5946887135505676,0.40238651633262634,0.0022920446936041117,0.0006327594164758921
/kaggle/input/datasets/lexuanhieu131297/acne-severity-classification/Classification/JPEGImages/levle1_127.jpg,Deep,r0f1,1,1,0.8607476949691772,0.13001693785190582,0.8607476949691772,0.008706340566277504,0.0005290195695124567
/kaggle/input/datasets/lexuanhieu131297/acne-severity-classification/Classification/JPEGImages/levle1_320.jpg,Deep,r0f1,1,1,0.9943008422851562,0.005512242205440998,0.9943008422851562,0.0001795860443962738,7.311749868676998e-06
/kaggle/input/datasets/lexuanhieu131297/acne-severity-classification/Classification/JPEGImages/levle3_2.jpg,Light,r0f1,3,3,0.9961884617805481,1.1937210729229264e-05,0.00027115954435430467,0.0035284901969134808,0.9961884617805481
/kaggle/input/datasets/lexuanhieu131297/acne-severity-classification/Classification/JPEGImages/levle1_26.jpg,Deep,r0f1,1,0,0.7941902279853821,0.7941902279853821,0.19481483101844788,0.0067119235172867775,0.004283056128770113
/kaggle/input/datasets/lexuanhieu131297/acne-severity-classification/Classification/JPEGImages/levle1_330.jpg,Deep,r0f1,1,1,0.993955671787262,0.005910275969654322,0.993955671787262,0.00012730136222671717,6.7863729782402515e-06
/kaggle/input/datasets/lexuanhieu131297/acne-severity-classification/Classification/JPEGImages/levle0_453.jpg,Deep,r0f1,0,0,0.9834675192832947,0.9834675192832947,0.01633693277835846,0.0001504579558968544,4.517567140283063e-05
/kaggle/input/datasets/lexuanhieu131297/acne-severity-classification/Classification/JPEGImages/levle1_420.jpg,Medium,r0f1,1,0,0.5890777111053467,0.5890777111053467,0.40645140409469604,0.003984709270298481,0.0004862408386543393
/kaggle/input/datasets/lexuanhieu131297/acne-severity-classification/Classification/JPEGImages/levle0_98.jpg,Medium,r0f1,0,0,0.9963591694831848,0.9963591694831848,0.003628696082159877,7.829955393390264e-06,4.273734703019727e-06
/kaggle/input/datasets/lexuanhieu131297/acne-severity-classification/Classification/JPEGImages/levle0_95.jpg,Medium,r0f1,0,0,0.9982798099517822,0.9982798099517822,0.0017157025868073106,2.9544726203312166e-06,1.550827960272727e-06
/kaggle/input/datasets/lexuanhieu131297/acne-severity-classification/Classification/JPEGImages/levle1_610.jpg,Deep,r0f1,1,1,0.8889518976211548,0.10411664843559265,0.8889518976211548,0.004869600757956505,0.0020619186107069254
/kaggle/input/datasets/lexuanhieu131297/acne-severity-classification/Classification/JPEGImages/levle1_334.jpg,Deep,r0f1,1,1,0.9631985425949097,0.016125725582242012,0.9631985425949097,0.0202657338231802,0.0004100569640286267
/kaggle/input/datasets/lexuanhieu131297/acne-severity-classification/Classification/JPEGImages/levle2_1.jpg,Medium,r0f1,2,2,0.9819034337997437,5.734307706006803e-06,0.0028762435540556908,0.9819034337997437,0.015214616432785988
/kaggle/input/datasets/lexuanhieu131297/acne-severity-classification/Classification/JPEGImages/levle1_62.jpg,Medium,r0f1,1,1,0.7567833065986633,0.2310313731431961,0.7567833065986633,0.0112139992415905,0.0009712939499877393
/kaggle/input/datasets/lexuanhieu131297/acne-severity-classification/Classification/JPEGImages/levle1_222.jpg,Deep,r0f1,1,0,0.9029951095581055,0.9029951095581055,0.09545423090457916,0.0011476867366582155,0.0004028759722132236
/kaggle/input/datasets/lexuanhieu131297/acne-severity-classification/Classification/JPEGImages/levle1_285.jpg,Deep,r0f1,1,1,0.9859638214111328,0.009839864447712898,0.9859638214111328,0.004104871302843094,9.148899698629975e-05
/kaggle/input/datasets/lexuanhieu131297/acne-severity-classification/Classification/JPEGImages/levle1_562.jpg,Deep,r0f1,1,1,0.9752047657966614,0.0011329614790156484,0.9752047657966614,0.023558881133794785,0.00010334356193197891
/kaggle/input/datasets/lexuanhieu131297/acne-severity-classification/Classification/JPEGImages/levle0_265.jpg,Medium,r0f1,0,0,0.991326630115509,0.991326630115509,0.008627058006823063,2.974725612148177e-05,1.6556839909753762e-05
/kaggle/input/datasets/lexuanhieu131297/acne-severity-classification/Classification/JPEGImages/levle1_538.jpg,Deep,r0f1,1,1,0.7708348631858826,0.00045918268733657897,0.7708348631858826,0.22830383479595184,0.0004020737833343446
/kaggle/input/datasets/lexuanhieu131297/acne-severity-classification/Classification/JPEGImages/levle1_534.jpg,Deep,r0f1,1,1,0.897391140460968,0.08284103125333786,0.897391140460968,0.019066432490944862,0.0007013102294877172
/kaggle/input/datasets/lexuanhieu131297/acne-severity-classification/Classification/JPEGImages/levle1_581.jpg,Deep,r0f1,1,1,0.9049596190452576,0.08278846740722656,0.9049596190452576,0.011347348801791668,0.0009045544429682195
/kaggle/input/datasets/lexuanhieu131297/acne-severity-classification/Classification/JPEGImages/levle0_402.jpg,Medium,r0f1,0,0,0.8490849733352661,0.8490849733352661,0.1501654088497162,0.000694046902935952,5.554252857109532e-05
/kaggle/input/datasets/lexuanhieu131297/acne-severity-classification/Classification/JPEGImages/levle0_342.jpg,Medium,r0f1,0,0,0.9947825074195862,0.9947825074195862,0.005209953989833593,4.506820459937444e-06,3.0375786082004197e-06
/kaggle/input/datasets/lexuanhieu131297/acne-severity-classification/Classification/JPEGImages/levle1_72.jpg,Deep,r0f1,1,1,0.9497752785682678,0.045786939561367035,0.9497752785682678,0.0038213368970900774,0.0006165484082885087
/kaggle/input/datasets/lexuanhieu131297/acne-severity-classification/Classification/JPEGImages/levle1_622.jpg,Deep,r0f1,1,1,0.9701510667800903,0.011234121397137642,0.9701510667800903,0.01842721551656723,0.00018762135005090386
/kaggle/input/datasets/lexuanhieu131297/acne-severity-classification/Classification/JPEGImages/levle3_133.jpg,Deep,r0f1,3,2,0.5808678269386292,0.010743370279669762,0.3533478379249573,0.5808678269386292,0.05504097416996956
/kaggle/input/datasets/lexuanhieu131297/acne-severity-classification/Classification/JPEGImages/levle0_239.jpg,Medium,r0f1,0,0,0.9098542928695679,0.9098542928695679,0.08973655849695206,0.00023863758542574942,0.00017054658383131027
/kaggle/input/datasets/lexuanhieu131297/acne-severity-classification/Classification/JPEGImages/levle0_251.jpg,Medium,r0f1,0,0,0.9277145862579346,0.9277145862579346,0.07181765884160995,0.000401954457629472,6.574554572580382e-05
/kaggle/input/datasets/lexuanhieu131297/acne-severity-classification/Classification/JPEGImages/levle1_223.jpg,Deep,r0f1,1,0,0.923189640045166,0.923189640045166,0.07555833458900452,0.0010055846069008112,0.0002464291173964739
/kaggle/input/datasets/lexuanhieu131297/acne-severity-classification/Classification/JPEGImages/levle1_281.jpg,Medium,r0f1,1,1,0.988063395023346,0.008714897558093071,0.988063395023346,0.003135589649900794,8.612898091087118e-05
/kaggle/input/datasets/lexuanhieu131297/acne-severity-classification/Classification/JPEGImages/levle1_175.jpg,Deep,r0f1,1,1,0.9970980882644653,0.0021726395934820175,0.9970980882644653,0.0007143646362237632,1.4927861229807604e-05
/kaggle/input/datasets/lexuanhieu131297/acne-severity-classification/Classification/JPEGImages/levle1_450.jpg,Deep,r0f1,1,1,0.9733681082725525,0.01085546426475048,0.9733681082725525,0.014954034239053726,0.0008224977646023035
/kaggle/input/datasets/lexuanhieu131297/acne-severity-classification/Classification/JPEGImages/levle0_119.jpg,Deep,r0f1,0,0,0.9600815773010254,0.9600815773010254,0.03970477357506752,0.0001474550663260743,6.620409112656489e-05
/kaggle/input/datasets/lexuanhieu131297/acne-severity-classification/Classification/JPEGImages/levle3_119.jpg,Deep,r0f1,3,3,0.6849141716957092,0.06996838748455048,0.1363241821527481,0.10879330337047577,0.6849141716957092
/kaggle/input/datasets/lexuanhieu131297/acne-severity-classification/Classification/JPEGImages/levle1_639.jpg,Light,r0f1,1,2,0.5551450848579407,0.019163712859153748,0.4047669470310211,0.5551450848579407,0.02092425711452961
/kaggle/input/datasets/lexuanhieu131297/acne-severity-classification/Classification/JPEGImages/levle2_160.jpg,Deep,r0f1,2,2,0.7547749280929565,0.004349973052740097,0.23750045895576477,0.7547749280929565,0.003374554682523012
/kaggle/input/datasets/lexuanhieu131297/acne-severity-classification/Classification/JPEGImages/levle0_187.jpg,Deep,r0f1,0,0,0.983017086982727,0.983017086982727,0.016930269077420235,3.671073500299826e-05,1.5975208953022957e-05
/kaggle/input/datasets/lexuanhieu131297/acne-severity-classification/Classification/JPEGImages/levle1_327.jpg,Medium,r0f1,1,1,0.6044420599937439,0.39485740661621094,0.6044420599937439,0.0005731363198719919,0.00012738542864099145
/kaggle/input/datasets/lexuanhieu131297/acne-severity-classification/Classification/JPEGImages/levle1_367.jpg,Deep,r0f1,1,1,0.99277663230896,0.006688459310680628,0.99277663230896,0.0005198672879487276,1.5038365745567717e-05
/kaggle/input/datasets/lexuanhieu131297/acne-severity-classification/Classification/JPEGImages/levle1_411.jpg,Deep,r0f1,1,0,0.9723055362701416,0.9723055362701416,0.027636108919978142,4.1468134440947324e-05,1.682021866145078e-05
/kaggle/input/datasets/lexuanhieu131297/acne-severity-classification/Classification/JPEGImages/levle1_431.jpg,Deep,r0f1,1,1,0.9729510545730591,0.002161838114261627,0.9729510545730591,0.024789294227957726,9.780844993656501e-05
/kaggle/input/datasets/lexuanhieu131297/acne-severity-classification/Classification/JPEGImages/levle1_638.jpg,Deep,r0f1,1,1,0.8395739197731018,0.15775126218795776,0.8395739197731018,0.0023953262716531754,0.0002794539032038301
/kaggle/input/datasets/lexuanhieu131297/acne-severity-classification/Classification/JPEGImages/levle0_443.jpg,Medium,r0f1,0,0,0.976711094379425,0.976711094379425,0.023037437349557877,0.00017098154057748616,8.060836262302473e-05
/kaggle/input/datasets/lexuanhieu131297/acne-severity-classification/Classification/JPEGImages/levle1_597.jpg,Deep,r0f1,1,1,0.9150128364562988,0.07365608960390091,0.9150128364562988,0.010652697645127773,0.0006783491699025035
/kaggle/input/datasets/lexuanhieu131297/acne-severity-classification/Classification/JPEGImages/levle1_155.jpg,Deep,r0f1,1,1,0.9949191212654114,0.0035326082725077868,0.9949191212654114,0.00153127231169492,1.6944579328992404e-05
/kaggle/input/datasets/lexuanhieu131297/acne-severity-classification/Classification/JPEGImages/levle0_409.jpg,Deep,r0f1,0,0,0.9856764078140259,0.9856764078140259,0.01425346452742815,4.3203745008213446e-05,2.693080750759691e-05
/kaggle/input/datasets/lexuanhieu131297/acne-severity-classification/Classification/JPEGImages/levle1_345.jpg,Deep,r0f1,1,1,0.8418328166007996,0.004256605636328459,0.8418328166007996,0.15360885858535767,0.0003017934795934707
/kaggle/input/datasets/lexuanhieu131297/acne-severity-classification/Classification/JPEGImages/levle0_387.jpg,Medium,r0f1,0,0,0.9973885416984558,0.9973885416984558,0.002584608271718025,1.58332859427901e-05,1.1010321941284928e-05
/kaggle/input/datasets/lexuanhieu131297/acne-severity-classification/Classification/JPEGImages/levle0_79.jpg,Deep,r0f1,0,0,0.838687002658844,0.838687002658844,0.1610068678855896,0.0002748307306319475,3.132073470624164e-05
/kaggle/input/datasets/lexuanhieu131297/acne-severity-classification/Classification/JPEGImages/levle1_528.jpg,Medium,r0f1,1,0,0.6191104054450989,0.6191104054450989,0.3799358308315277,0.0006574591971002519,0.00029634006205014884
/kaggle/input/datasets/lexuanhieu131297/acne-severity-classification/Classification/JPEGImages/levle0_506.jpg,Medium,r0f1,0,0,0.9742159247398376,0.9742159247398376,0.025659510865807533,0.00010163820115849376,2.2945878299651667e-05
/kaggle/input/datasets/lexuanhieu131297/acne-severity-classification/Classification/JPEGImages/levle0_106.jpg,Medium,r0f1,0,0,0.9917491674423218,0.9917491674423218,0.008219434879720211,2.1687948901671916e-05,9.775525541044772e-06
/kaggle/input/datasets/lexuanhieu131297/acne-severity-classification/Classification/JPEGImages/levle2_88.jpg,Deep,r0f1,2,2,0.8805233836174011,0.00023321100161410868,0.11846968531608582,0.8805233836174011,0.0007736831321381032
/kaggle/input/datasets/lexuanhieu131297/acne-severity-classification/Classification/JPEGImages/levle1_12.jpg,Medium,r0f1,1,1,0.7770055532455444,0.05386614799499512,0.7770055532455444,0.1577041745185852,0.011424052529036999
/kaggle/input/datasets/lexuanhieu131297/acne-severity-classification/Classification/JPEGImages/levle0_398.jpg,Deep,r0f1,0,0,0.9907646179199219,0.9907646179199219,0.009133541956543922,6.647707778029144e-05,3.530571484589018e-05
/kaggle/input/datasets/lexuanhieu131297/acne-severity-classification/Classification/JPEGImages/levle2_188.jpg,Medium,r0f1,2,3,0.7261384129524231,0.0009709824225865304,0.03966677933931351,0.2332237809896469,0.7261384129524231
/kaggle/input/datasets/lexuanhieu131297/acne-severity-classification/Classification/JPEGImages/levle1_22.jpg,Deep,r0f1,1,2,0.9766663908958435,5.529063128051348e-05,0.013782544992864132,0.9766663908958435,0.009495750069618225
/kaggle/input/datasets/lexuanhieu131297/acne-severity-classification/Classification/JPEGImages/levle1_549.jpg,Medium,r0f1,1,1,0.9436125755310059,0.05573532357811928,0.9436125755310059,0.0005937017849646509,5.832697206642479e-05
/kaggle/input/datasets/lexuanhieu131297/acne-severity-classification/Classification/JPEGImages/levle1_454.jpg,Deep,r0f1,1,1,0.6805464625358582,0.30435919761657715,0.6805464625358582,0.012673301622271538,0.0024211055133491755
/kaggle/input/datasets/lexuanhieu131297/acne-severity-classification/Classification/JPEGImages/levle2_7.jpg,Light,r0f1,2,3,0.9945886135101318,6.342945562209934e-05,0.001435213373042643,0.003912760876119137,0.9945886135101318
/kaggle/input/datasets/lexuanhieu131297/acne-severity-classification/Classification/JPEGImages/levle0_420.jpg,Medium,r0f1,0,0,0.9564846158027649,0.9564846158027649,0.04297960549592972,0.00041441971552558243,0.00012131175753893331
/kaggle/input/datasets/lexuanhieu131297/acne-severity-classification/Classification/JPEGImages/levle1_635.jpg,Deep,r0f1,1,1,0.9806939363479614,0.006111274939030409,0.9806939363479614,0.012650218792259693,0.0005445294082164764
/kaggle/input/datasets/lexuanhieu131297/acne-severity-classification/Classification/JPEGImages/levle1_496.jpg,Medium,r0f1,1,1,0.6574325561523438,0.002750491490587592,0.6574325561523438,0.3377569615840912,0.0020600231364369392
/kaggle/input/datasets/lexuanhieu131297/acne-severity-classification/Classification/JPEGImages/levle0_466.jpg,Medium,r0f1,0,0,0.9925139546394348,0.9925139546394348,0.0074313669465482235,2.6386174795334227e-05,2.83082317764638e-05
/kaggle/input/datasets/lexuanhieu131297/acne-severity-classification/Classification/JPEGImages/levle1_100.jpg,Light,r0f1,1,2,0.4082925021648407,0.01611589640378952,0.30302858352661133,0.4082925021648407,0.272563099861145
/kaggle/input/datasets/lexuanhieu131297/acne-severity-classification/Classification/JPEGImages/levle0_315.jpg,Deep,r0f1,0,0,0.9909997582435608,0.9909997582435608,0.008932800032198429,3.924212796846405e-05,2.8154850951978005e-05
/kaggle/input/datasets/lexuanhieu131297/acne-severity-classification/Classification/JPEGImages/levle3_128.jpg,Deep,r0f1,3,3,0.8859739899635315,0.0003764446300920099,0.028120314702391624,0.08552920818328857,0.8859739899635315
/kaggle/input/datasets/lexuanhieu131297/acne-severity-classification/Classification/JPEGImages/levle1_371.jpg,Medium,r0f1,1,1,0.9457814693450928,0.031420812010765076,0.9457814693450928,0.022101907059550285,0.0006957031437195837
/kaggle/input/datasets/lexuanhieu131297/acne-severity-classification/Classification/JPEGImages/levle1_394.jpg,Deep,r0f1,1,1,0.9139225482940674,0.012846834026277065,0.9139225482940674,0.07297798991203308,0.0002526845200918615
/kaggle/input/datasets/lexuanhieu131297/acne-severity-classification/Classification/JPEGImages/levle1_87.jpg,Deep,r0f1,1,1,0.764299750328064,0.1334654837846756,0.764299750328064,0.10126905143260956,0.0009657328482717276
/kaggle/input/datasets/lexuanhieu131297/acne-severity-classification/Classification/JPEGImages/levle3_17.jpg,Light,r0f1,3,3,0.9984889030456543,2.984536695294082e-05,0.00021711010776925832,0.001264109625481069,0.9984889030456543
/kaggle/input/datasets/lexuanhieu131297/acne-severity-classification/Classification/JPEGImages/levle0_255.jpg,Deep,r0f1,0,0,0.6626273393630981,0.6626273393630981,0.33384135365486145,0.001901602721773088,0.0016297068214043975
/kaggle/input/datasets/lexuanhieu131297/acne-severity-classification/Classification/JPEGImages/levle1_252.jpg,Medium,r0f1,1,0,0.8684871792793274,0.8684871792793274,0.13035590946674347,0.0008202952449209988,0.00033664851798675954
/kaggle/input/datasets/lexuanhieu131297/acne-severity-classification/Classification/JPEGImages/levle3_108.jpg,Deep,r0f1,3,3,0.6872157454490662,0.006724080070853233,0.02540120668709278,0.2806589901447296,0.6872157454490662
/kaggle/input/datasets/lexuanhieu131297/acne-severity-classification/Classification/JPEGImages/levle1_642.jpg,Light,r0f1,1,1,0.4814942479133606,0.21476002037525177,0.4814942479133606,0.11874660849571228,0.18499916791915894
/kaggle/input/datasets/lexuanhieu131297/acne-severity-classification/Classification/JPEGImages/levle2_58.jpg,Deep,r0f1,2,2,0.5504720211029053,0.010944175533950329,0.4367368519306183,0.5504720211029053,0.0018469037022441626
/kaggle/input/datasets/lexuanhieu131297/acne-severity-classification/Classification/JPEGImages/levle2_97.jpg,Deep,r0f1,2,2,0.9907393455505371,3.656807166407816e-05,0.007888796739280224,0.9907393455505371,0.0013351939851418138
/kaggle/input/datasets/lexuanhieu131297/acne-severity-classification/Classification/JPEGImages/levle1_608.jpg,Deep,r0f1,1,1,0.9228292107582092,0.07656854391098022,0.9228292107582092,0.0005562049918808043,4.601417458616197e-05
/kaggle/input/datasets/lexuanhieu131297/acne-severity-classification/Classification/JPEGImages/levle2_139.jpg,Deep,r0f1,2,1,0.535574734210968,0.011734575033187866,0.535574734210968,0.2368200272321701,0.2158706784248352
/kaggle/input/datasets/lexuanhieu131297/acne-severity-classification/Classification/JPEGImages/levle3_7.jpg,Medium,r0f1,3,3,0.996268630027771,5.785072426078841e-05,0.0007665120647288859,0.0029069455340504646,0.996268630027771
/kaggle/input/datasets/lexuanhieu131297/acne-severity-classification/Classification/JPEGImages/levle1_633.jpg,Deep,r0f1,1,0,0.6643378138542175,0.6643378138542175,0.33470311760902405,0.0008559818961657584,0.00010303426824975759
/kaggle/input/datasets/lexuanhieu131297/acne-severity-classification/Classification/JPEGImages/levle0_526.jpg,Medium,r0f1,0,0,0.9214532375335693,0.9214532375335693,0.07819104194641113,0.00024548565852455795,0.0001102176756830886
/kaggle/input/datasets/lexuanhieu131297/acne-severity-classification/Classification/JPEGImages/levle0_182.jpg,Deep,r0f1,0,0,0.991541862487793,0.991541862487793,0.00843727681785822,1.4444269254454412e-05,6.409605703083798e-06
/kaggle/input/datasets/lexuanhieu131297/acne-severity-classification/Classification/JPEGImages/levle2_51.jpg,Deep,r0f1,2,2,0.8949337005615234,6.817534449510276e-05,0.008671405725181103,0.8949337005615234,0.09632670879364014
/kaggle/input/datasets/lexuanhieu131297/acne-severity-classification/Classification/JPEGImages/levle0_214.jpg,Deep,r0f1,0,1,0.7041361927986145,0.29352763295173645,0.7041361927986145,0.001772864954546094,0.0005633311811834574
/kaggle/input/datasets/lexuanhieu131297/acne-severity-classification/Classification/JPEGImages/levle1_483.jpg,Deep,r0f1,1,0,0.798449695110321,0.798449695110321,0.2010926455259323,0.0003168396942783147,0.00014087163435760885
/kaggle/input/datasets/lexuanhieu131297/acne-severity-classification/Classification/JPEGImages/levle2_61.jpg,Deep,r0f1,2,1,0.5431402921676636,0.0006115889409556985,0.5431402921676636,0.45558685064315796,0.000661285303067416
/kaggle/input/datasets/lexuanhieu131297/acne-severity-classification/Classification/JPEGImages/levle2_49.jpg,Deep,r0f1,2,2,0.966397225856781,1.3248910590846208e-06,0.03329512104392052,0.966397225856781,0.0003063381591346115
/kaggle/input/datasets/lexuanhieu131297/acne-severity-classification/Classification/JPEGImages/levle1_445.jpg,Medium,r0f1,1,1,0.5460460186004639,0.4518047869205475,0.5460460186004639,0.0019964592065662146,0.00015275234181899577
/kaggle/input/datasets/lexuanhieu131297/acne-severity-classification/Classification/JPEGImages/levle0_484.jpg,Medium,r0f1,0,0,0.9873794317245483,0.9873794317245483,0.012526758946478367,6.199343624757603e-05,3.17870762955863e-05
/kaggle/input/datasets/lexuanhieu131297/acne-severity-classification/Classification/JPEGImages/levle0_268.jpg,Deep,r0f1,0,0,0.6331940293312073,0.6331940293312073,0.36646461486816406,0.0002622949832584709,7.90634730947204e-05
/kaggle/input/datasets/lexuanhieu131297/acne-severity-classification/Classification/JPEGImages/levle1_395.jpg,Deep,r0f1,1,1,0.9575029611587524,0.0006095427088439465,0.9575029611587524,0.04178313910961151,0.0001042804797179997
/kaggle/input/datasets/lexuanhieu131297/acne-severity-classification/Classification/JPEGImages/levle0_400.jpg,Deep,r0f1,0,0,0.7990490794181824,0.7990490794181824,0.19754402339458466,0.002915791003033519,0.0004910993156954646
/kaggle/input/datasets/lexuanhieu131297/acne-severity-classification/Classification/JPEGImages/levle2_179.jpg,Deep,r0f1,2,1,0.987119197845459,0.0074271513149142265,0.987119197845459,0.005251232068985701,0.00020242280152160674
/kaggle/input/datasets/lexuanhieu131297/acne-severity-classification/Classification/JPEGImages/levle0_306.jpg,Deep,r0f1,0,0,0.996946394443512,0.996946394443512,0.0030485251918435097,2.6242526018904755e-06,2.4270366338896565e-06
/kaggle/input/datasets/lexuanhieu131297/acne-severity-classification/Classification/JPEGImages/levle2_34.jpg,Deep,r0f1,2,2,0.505427896976471,0.01879166066646576,0.46653228998184204,0.505427896976471,0.009248198010027409
/kaggle/input/datasets/lexuanhieu131297/acne-severity-classification/Classification/JPEGImages/levle1_194.jpg,Medium,r0f1,1,1,0.8309570550918579,0.0029446796979755163,0.8309570550918579,0.1649084836244583,0.0011897580698132515
/kaggle/input/datasets/lexuanhieu131297/acne-severity-classification/Classification/JPEGImages/levle1_120.jpg,Deep,r0f1,1,1,0.495996356010437,0.014029172249138355,0.495996356010437,0.4873538613319397,0.0026206031907349825
/kaggle/input/datasets/lexuanhieu131297/acne-severity-classification/Classification/JPEGImages/levle0_323.jpg,Deep,r0f1,0,0,0.7847911715507507,0.7847911715507507,0.21413135528564453,0.0008172829984687269,0.0002602009626571089
/kaggle/input/datasets/lexuanhieu131297/acne-severity-classification/Classification/JPEGImages/levle1_4.jpg,Light,r0f1,1,2,0.991174042224884,2.9334426017157966e-06,0.007268914487212896,0.991174042224884,0.001554077840410173
/kaggle/input/datasets/lexuanhieu131297/acne-severity-classification/Classification/JPEGImages/levle1_299.jpg,Medium,r0f1,1,1,0.8607277870178223,0.13329222798347473,0.8607277870178223,0.0052088359370827675,0.0007712059887126088
/kaggle/input/datasets/lexuanhieu131297/acne-severity-classification/Classification/JPEGImages/levle1_302.jpg,Deep,r0f1,1,1,0.9851913452148438,0.006440218072384596,0.9851913452148438,0.008073900826275349,0.0002945229352917522
/kaggle/input/datasets/lexuanhieu131297/acne-severity-classification/Classification/JPEGImages/levle1_611.jpg,Deep,r0f1,1,1,0.8889518976211548,0.10411664843559265,0.8889518976211548,0.004869600757956505,0.0020619186107069254
/kaggle/input/datasets/lexuanhieu131297/acne-severity-classification/Classification/JPEGImages/levle1_256.jpg,Medium,r0f1,1,3,0.5900283455848694,0.002534446306526661,0.06125428527593613,0.3461829721927643,0.5900283455848694
/kaggle/input/datasets/lexuanhieu131297/acne-severity-classification/Classification/JPEGImages/levle2_65.jpg,Deep,r0f1,2,2,0.9960546493530273,3.829780780506553e-06,0.003717695362865925,0.9960546493530273,0.00022389266814570874
/kaggle/input/datasets/lexuanhieu131297/acne-severity-classification/Classification/JPEGImages/levle1_30.jpg,Deep,r0f1,1,3,0.5596275925636292,0.01427237968891859,0.08972103148698807,0.33637896180152893,0.5596275925636292
/kaggle/input/datasets/lexuanhieu131297/acne-severity-classification/Classification/JPEGImages/levle1_193.jpg,Medium,r0f1,1,1,0.968660295009613,0.0014115155208855867,0.968660295009613,0.02966090850532055,0.00026729603996500373
/kaggle/input/datasets/lexuanhieu131297/acne-severity-classification/Classification/JPEGImages/levle3_43.jpg,Deep,r0f1,3,2,0.9050000905990601,7.689909580221865e-06,0.0010847749654203653,0.9050000905990601,0.09390749037265778
/kaggle/input/datasets/lexuanhieu131297/acne-severity-classification/Classification/JPEGImages/levle0_429.jpg,Medium,r0f1,0,0,0.9978321194648743,0.9978321194648743,0.0021583728957921267,5.347459591575898e-06,4.164605343248695e-06
/kaggle/input/datasets/lexuanhieu131297/acne-severity-classification/Classification/JPEGImages/levle1_135.jpg,Medium,r0f1,1,1,0.9799357652664185,0.017255300655961037,0.9799357652664185,0.00269130477681756,0.00011767170508392155
/kaggle/input/datasets/lexuanhieu131297/acne-severity-classification/Classification/JPEGImages/levle3_110.jpg,Light,r0f1,3,3,0.9834839701652527,0.0017490453319624066,0.006843695882707834,0.007923335768282413,0.9834839701652527
/kaggle/input/datasets/lexuanhieu131297/acne-severity-classification/Classification/JPEGImages/levle3_132.jpg,Deep,r0f1,3,3,0.981978714466095,0.0001221362763317302,0.001344227697700262,0.016554929316043854,0.981978714466095
/kaggle/input/datasets/lexuanhieu131297/acne-severity-classification/Classification/JPEGImages/levle1_218.jpg,Deep,r0f1,1,1,0.98770672082901,0.006539153400808573,0.98770672082901,0.005517284851521254,0.0002367970737395808
/kaggle/input/datasets/lexuanhieu131297/acne-severity-classification/Classification/JPEGImages/levle0_465.jpg,Medium,r0f1,0,0,0.9975208640098572,0.9975208640098572,0.002438734285533428,1.7256426872336306e-05,2.313053118996322e-05
/kaggle/input/datasets/lexuanhieu131297/acne-severity-classification/Classification/JPEGImages/levle1_498.jpg,Medium,r0f1,1,0,0.9580485820770264,0.9580485820770264,0.04172537475824356,0.00017337662575300783,5.2670737204607576e-05
/kaggle/input/datasets/lexuanhieu131297/acne-severity-classification/Classification/JPEGImages/levle1_410.jpg,Medium,r0f1,1,0,0.5999284982681274,0.5999284982681274,0.3988587558269501,0.0009507965296506882,0.00026197198894806206
/kaggle/input/datasets/lexuanhieu131297/acne-severity-classification/Classification/JPEGImages/levle1_588.jpg,Medium,r0f1,1,1,0.95756995677948,0.00395563431084156,0.95756995677948,0.038288917392492294,0.00018555030692368746
/kaggle/input/datasets/lexuanhieu131297/acne-severity-classification/Classification/JPEGImages/levle0_511.jpg,Deep,r0f1,0,0,0.9881808757781982,0.9881808757781982,0.011777350679039955,3.071388346143067e-05,1.103726481233025e-05
/kaggle/input/datasets/lexuanhieu131297/acne-severity-classification/Classification/JPEGImages/levle0_1.jpg,Deep,r0f1,0,0,0.6569364666938782,0.6569364666938782,0.34281694889068604,0.00018377311062067747,6.277037027757615e-05
/kaggle/input/datasets/lexuanhieu131297/acne-severity-classification/Classification/JPEGImages/levle1_554.jpg,Medium,r0f1,1,1,0.9509934782981873,0.01537137757986784,0.9509934782981873,0.03296500816941261,0.0006701154634356499
/kaggle/input/datasets/lexuanhieu131297/acne-severity-classification/Classification/JPEGImages/levle1_490.jpg,Deep,r0f1,1,1,0.9473841190338135,0.00013830047100782394,0.9473841190338135,0.05246519297361374,1.2371137927402742e-05
/kaggle/input/datasets/lexuanhieu131297/acne-severity-classification/Classification/JPEGImages/levle0_175.jpg,Deep,r0f1,0,0,0.9442188143730164,0.9442188143730164,0.055607978254556656,0.00012211805733386427,5.110562051413581e-05
/kaggle/input/datasets/lexuanhieu131297/acne-severity-classification/Classification/JPEGImages/levle1_614.jpg,Medium,r0f1,1,0,0.8209655284881592,0.8209655284881592,0.17789338529109955,0.0010956419864669442,4.539954534266144e-05
/kaggle/input/datasets/lexuanhieu131297/acne-severity-classification/Classification/JPEGImages/levle1_507.jpg,Deep,r0f1,1,1,0.9756851196289062,0.023069489747285843,0.9756851196289062,0.0011094262590631843,0.00013590946036856622
/kaggle/input/datasets/lexuanhieu131297/acne-severity-classification/Classification/JPEGImages/levle1_245.jpg,Deep,r0f1,1,1,0.896567165851593,0.07127168774604797,0.896567165851593,0.028373287990689278,0.003787765745073557
/kaggle/input/datasets/lexuanhieu131297/acne-severity-classification/Classification/JPEGImages/levle0_512.jpg,Deep,r0f1,0,1,0.5221385359764099,0.47634199261665344,0.5221385359764099,0.0012791735352948308,0.0002403495745966211
/kaggle/input/datasets/lexuanhieu131297/acne-severity-classification/Classification/JPEGImages/levle1_169.jpg,Deep,r0f1,1,1,0.992159903049469,0.007004236336797476,0.992159903049469,0.0008286095107905567,7.239228125399677e-06
/kaggle/input/datasets/lexuanhieu131297/acne-severity-classification/Classification/JPEGImages/levle1_625.jpg,Medium,r0f1,1,1,0.9943185448646545,0.0003031142405234277,0.9943185448646545,0.005362999625504017,1.5418900147778913e-05
/kaggle/input/datasets/lexuanhieu131297/acne-severity-classification/Classification/JPEGImages/levle0_523.jpg,Deep,r0f1,0,0,0.8612312078475952,0.8612312078475952,0.13481059670448303,0.0028614592738449574,0.0010967457201331854
/kaggle/input/datasets/lexuanhieu131297/acne-severity-classification/Classification/JPEGImages/levle0_436.jpg,Medium,r0f1,0,0,0.9702603220939636,0.9702603220939636,0.029586849734187126,0.0001247529435204342,2.7999727535643615e-05
/kaggle/input/datasets/lexuanhieu131297/acne-severity-classification/Classification/JPEGImages/levle2_62.jpg,Deep,r0f1,2,1,0.9184117913246155,0.000516967149451375,0.9184117913246155,0.08095835894346237,0.00011289915710221976
/kaggle/input/datasets/lexuanhieu131297/acne-severity-classification/Classification/JPEGImages/levle3_33.jpg,Medium,r0f1,3,3,0.598595380783081,0.0005827573477290571,0.06602253019809723,0.33479928970336914,0.598595380783081
/kaggle/input/datasets/lexuanhieu131297/acne-severity-classification/Classification/JPEGImages/levle2_157.jpg,Medium,r0f1,2,2,0.5394090414047241,1.4117967111815233e-05,0.4604807198047638,0.5394090414047241,9.610265260562301e-05
/kaggle/input/datasets/lexuanhieu131297/acne-severity-classification/Classification/JPEGImages/levle0_485.jpg,Medium,r0f1,0,0,0.9779019355773926,0.9779019355773926,0.02200927957892418,5.0901038775919005e-05,3.782644489547238e-05
/kaggle/input/datasets/lexuanhieu131297/acne-severity-classification/Classification/JPEGImages/levle0_521.jpg,Medium,r0f1,0,0,0.9794395565986633,0.9794395565986633,0.020467054098844528,7.359978189924732e-05,1.9809112927759998e-05
/kaggle/input/datasets/lexuanhieu131297/acne-severity-classification/Classification/JPEGImages/levle2_50.jpg,Deep,r0f1,2,2,0.6686325669288635,0.0048617892898619175,0.3233295977115631,0.6686325669288635,0.0031760085839778185
/kaggle/input/datasets/lexuanhieu131297/acne-severity-classification/Classification/JPEGImages/levle0_288.jpg,Deep,r0f1,0,1,0.7678905725479126,0.22966368496418,0.7678905725479126,0.0022036863956600428,0.00024199149629566818
/kaggle/input/datasets/lexuanhieu131297/acne-severity-classification/Classification/JPEGImages/levle1_191.jpg,Medium,r0f1,1,1,0.6577873826026917,0.00038127164589241147,0.6577873826026917,0.3412556052207947,0.000575719983316958
/kaggle/input/datasets/lexuanhieu131297/acne-severity-classification/Classification/JPEGImages/levle1_180.jpg,Deep,r0f1,1,1,0.9788872003555298,0.0015605060616508126,0.9788872003555298,0.019362160935997963,0.00019005179638043046
/kaggle/input/datasets/lexuanhieu131297/acne-severity-classification/Classification/JPEGImages/levle0_317.jpg,Deep,r0f1,0,0,0.9387691020965576,0.9387691020965576,0.06095857918262482,0.00019630479800980538,7.597845251439139e-05
/kaggle/input/datasets/lexuanhieu131297/acne-severity-classification/Classification/JPEGImages/levle2_19.jpg,Light,r0f1,2,3,0.7211898565292358,0.0021022576838731766,0.048553209751844406,0.22815461456775665,0.7211898565292358
/kaggle/input/datasets/lexuanhieu131297/acne-severity-classification/Classification/JPEGImages/levle1_261.jpg,Medium,r0f1,1,1,0.8859804272651672,0.10869548469781876,0.8859804272651672,0.004410378634929657,0.0009136951412074268
/kaggle/input/datasets/lexuanhieu131297/acne-severity-classification/Classification/JPEGImages/levle0_487.jpg,Medium,r0f1,0,0,0.9832494258880615,0.9832494258880615,0.016525842249393463,0.00014269757957663387,8.210451778722927e-05
/kaggle/input/datasets/lexuanhieu131297/acne-severity-classification/Classification/JPEGImages/levle3_113.jpg,Light,r0f1,3,3,0.9756735563278198,0.0002894077042583376,0.008549077436327934,0.015487938188016415,0.9756735563278198
/kaggle/input/datasets/lexuanhieu131297/acne-severity-classification/Classification/JPEGImages/levle0_494.jpg,Medium,r0f1,0,0,0.8225815892219543,0.8225815892219543,0.17651136219501495,0.0007784559275023639,0.00012857740512117743
/kaggle/input/datasets/lexuanhieu131297/acne-severity-classification/Classification/JPEGImages/levle1_451.jpg,Medium,r0f1,1,2,0.9188381433486938,0.0022074985317885876,0.0738016739487648,0.9188381433486938,0.0051526762545108795
/kaggle/input/datasets/lexuanhieu131297/acne-severity-classification/Classification/JPEGImages/levle0_510.jpg,Deep,r0f1,0,1,0.7440429329872131,0.2551333010196686,0.7440429329872131,0.0007364823250100017,8.727575914235786e-05
/kaggle/input/datasets/lexuanhieu131297/acne-severity-classification/Classification/JPEGImages/levle0_507.jpg,Medium,r0f1,0,0,0.9590715765953064,0.9590715765953064,0.040682967752218246,0.0001698726846370846,7.552791794296354e-05
/kaggle/input/datasets/lexuanhieu131297/acne-severity-classification/Classification/JPEGImages/levle1_303.jpg,Deep,r0f1,1,0,0.8945789337158203,0.8945789337158203,0.10457126051187515,0.000570598931517452,0.0002791761071421206
/kaggle/input/datasets/lexuanhieu131297/acne-severity-classification/Classification/JPEGImages/levle0_75.jpg,Deep,r0f1,0,1,0.6084132194519043,0.35453787446022034,0.6084132194519043,0.028344925493001938,0.00870401132851839
/kaggle/input/datasets/lexuanhieu131297/acne-severity-classification/Classification/JPEGImages/levle2_152.jpg,Deep,r0f1,2,2,0.9766663908958435,5.529063128051348e-05,0.013782544992864132,0.9766663908958435,0.009495750069618225
/kaggle/input/datasets/lexuanhieu131297/acne-severity-classification/Classification/JPEGImages/levle1_398.jpg,Deep,r0f1,1,1,0.9611613750457764,0.029770944267511368,0.9611613750457764,0.009022173471748829,4.546365744317882e-05
/kaggle/input/datasets/lexuanhieu131297/acne-severity-classification/Classification/JPEGImages/levle1_344.jpg,Deep,r0f1,1,0,0.8697023391723633,0.8697023391723633,0.13002938032150269,0.00019510982383508235,7.319256837945431e-05
/kaggle/input/datasets/lexuanhieu131297/acne-severity-classification/Classification/JPEGImages/levle0_19.jpg,Deep,r0f1,0,0,0.9792852997779846,0.9792852997779846,0.020584089681506157,0.00011025340791093186,2.0355035303509794e-05
/kaggle/input/datasets/lexuanhieu131297/acne-severity-classification/Classification/JPEGImages/levle0_350.jpg,Medium,r0f1,0,0,0.998794436454773,0.998794436454773,0.0011995418462902308,3.073749212489929e-06,2.8650492822634988e-06
/kaggle/input/datasets/lexuanhieu131297/acne-severity-classification/Classification/JPEGImages/levle1_203.jpg,Deep,r0f1,1,1,0.9659578800201416,0.008123815059661865,0.9659578800201416,0.025398559868335724,0.000519845518283546
/kaggle/input/datasets/lexuanhieu131297/acne-severity-classification/Classification/JPEGImages/levle3_23.jpg,Deep,r0f1,3,3,0.9991084933280945,5.857621545146685e-06,0.00013099584612064064,0.0007545655244030058,0.9991084933280945
/kaggle/input/datasets/lexuanhieu131297/acne-severity-classification/Classification/JPEGImages/levle0_172.jpg,Medium,r0f1,0,1,0.9699594378471375,0.016811756417155266,0.9699594378471375,0.012808458879590034,0.0004202580312266946
/kaggle/input/datasets/lexuanhieu131297/acne-severity-classification/Classification/JPEGImages/levle0_385.jpg,Deep,r0f1,0,0,0.9883397817611694,0.9883397817611694,0.011596624739468098,3.633728192653507e-05,2.7321886591380462e-05
/kaggle/input/datasets/lexuanhieu131297/acne-severity-classification/Classification/JPEGImages/levle3_126.jpg,Medium,r0f1,3,3,0.9996556043624878,4.672660452342825e-06,3.0114591936580837e-05,0.00030954022076912224,0.9996556043624878
/kaggle/input/datasets/lexuanhieu131297/acne-severity-classification/Classification/JPEGImages/levle1_566.jpg,Medium,r0f1,1,2,0.8339736461639404,0.0008303503855131567,0.16310036182403564,0.8339736461639404,0.002095670672133565
/kaggle/input/datasets/lexuanhieu131297/acne-severity-classification/Classification/JPEGImages/levle3_71.jpg,Deep,r0f1,3,3,0.9348970651626587,0.002839311258867383,0.0216458011418581,0.04061777889728546,0.9348970651626587
/kaggle/input/datasets/lexuanhieu131297/acne-severity-classification/Classification/JPEGImages/levle0_286.jpg,Medium,r0f1,0,0,0.9946674108505249,0.9946674108505249,0.005322481505572796,5.393333594838623e-06,4.796930170414271e-06
/kaggle/input/datasets/lexuanhieu131297/acne-severity-classification/Classification/JPEGImages/levle1_436.jpg,Deep,r0f1,1,1,0.9816360473632812,0.017105771228671074,0.9816360473632812,0.00118354894220829,7.463435758836567e-05
/kaggle/input/datasets/lexuanhieu131297/acne-severity-classification/Classification/JPEGImages/levle1_212.jpg,Deep,r0f1,1,1,0.9814479947090149,0.012881306000053883,0.9814479947090149,0.005482323933392763,0.00018832902424037457
/kaggle/input/datasets/lexuanhieu131297/acne-severity-classification/Classification/JPEGImages/levle0_246.jpg,Deep,r0f1,0,1,0.6533495187759399,0.3449641168117523,0.6533495187759399,0.0015363015700131655,0.000150048901559785
/kaggle/input/datasets/lexuanhieu131297/acne-severity-classification/Classification/JPEGImages/levle0_113.jpg,Medium,r0f1,0,0,0.9874393343925476,0.9874393343925476,0.012375523336231709,0.00013944022066425532,4.571385943563655e-05
/kaggle/input/datasets/lexuanhieu131297/acne-severity-classification/Classification/JPEGImages/levle3_12.jpg,Light,r0f1,3,3,0.9946317672729492,7.4004005909955595e-06,0.00019653311755973846,0.005164290778338909,0.9946317672729492
/kaggle/input/datasets/lexuanhieu131297/acne-severity-classification/Classification/JPEGImages/levle2_12.jpg,Deep,r0f1,2,3,0.9463951587677002,0.0009459714638069272,0.010370739735662937,0.04228810593485832,0.9463951587677002
/kaggle/input/datasets/lexuanhieu131297/acne-severity-classification/Classification/JPEGImages/levle0_264.jpg,Medium,r0f1,0,0,0.9831743836402893,0.9831743836402893,0.016784805804491043,2.3338499886449426e-05,1.7548141840961762e-05
/kaggle/input/datasets/lexuanhieu131297/acne-severity-classification/Classification/JPEGImages/levle1_179.jpg,Medium,r0f1,1,1,0.9769060015678406,0.00013449415564537048,0.9769060015678406,0.02290741726756096,5.20550602232106e-05
/kaggle/input/datasets/lexuanhieu131297/acne-severity-classification/Classification/JPEGImages/levle0_338.jpg,Medium,r0f1,0,0,0.9902665019035339,0.9902665019035339,0.009717716835439205,1.0720262253016699e-05,5.044151293986943e-06
/kaggle/input/datasets/lexuanhieu131297/acne-severity-classification/Classification/JPEGImages/levle0_390.jpg,Medium,r0f1,0,0,0.9195988178253174,0.9195988178253174,0.08004037290811539,0.00026749868993647397,9.335228241980076e-05
/kaggle/input/datasets/lexuanhieu131297/acne-severity-classification/Classification/JPEGImages/levle1_36.jpg,Deep,r0f1,1,1,0.9841618537902832,0.007441145367920399,0.9841618537902832,0.008030097931623459,0.000366872496670112
/kaggle/input/datasets/lexuanhieu131297/acne-severity-classification/Classification/JPEGImages/levle0_120.jpg,Deep,r0f1,0,1,0.8912299275398254,0.10326815396547318,0.8912299275398254,0.005037052556872368,0.00046487286454066634
/kaggle/input/datasets/lexuanhieu131297/acne-severity-classification/Classification/JPEGImages/levle0_471.jpg,Deep,r0f1,0,1,0.6232970356941223,0.3736443519592285,0.6232970356941223,0.002875184640288353,0.00018344576528761536
/kaggle/input/datasets/lexuanhieu131297/acne-severity-classification/Classification/JPEGImages/levle1_23.jpg,Deep,r0f1,1,2,0.9824910759925842,2.9887965865782462e-05,0.0121908662840724,0.9824910759925842,0.005288221407681704
/kaggle/input/datasets/lexuanhieu131297/acne-severity-classification/Classification/JPEGImages/levle1_90.jpg,Deep,r0f1,1,1,0.6649352312088013,0.06178824231028557,0.6649352312088013,0.22016751766204834,0.05310897156596184
/kaggle/input/datasets/lexuanhieu131297/acne-severity-classification/Classification/JPEGImages/levle1_230.jpg,Medium,r0f1,1,0,0.9267012476921082,0.9267012476921082,0.07301139831542969,0.00019760330906137824,8.976534445537254e-05
/kaggle/input/datasets/lexuanhieu131297/acne-severity-classification/Classification/JPEGImages/levle1_468.jpg,Medium,r0f1,1,1,0.928670346736908,0.005107085686177015,0.928670346736908,0.06566617637872696,0.0005564555758610368
/kaggle/input/datasets/lexuanhieu131297/acne-severity-classification/Classification/JPEGImages/levle1_237.jpg,Deep,r0f1,1,1,0.9295485019683838,0.05287865549325943,0.9295485019683838,0.012002196162939072,0.005570648703724146
/kaggle/input/datasets/lexuanhieu131297/acne-severity-classification/Classification/JPEGImages/levle0_318.jpg,Medium,r0f1,0,0,0.9217132329940796,0.9217132329940796,0.07730189710855484,0.000720317882951349,0.00026447305572219193
/kaggle/input/datasets/lexuanhieu131297/acne-severity-classification/Classification/JPEGImages/levle0_141.jpg,Medium,r0f1,0,1,0.664554238319397,0.33415883779525757,0.664554238319397,0.0009797922102734447,0.0003071033279411495
/kaggle/input/datasets/lexuanhieu131297/acne-severity-classification/Classification/JPEGImages/levle2_149.jpg,Deep,r0f1,2,1,0.5051277875900269,0.0009071439271792769,0.5051277875900269,0.49342653155326843,0.0005385158001445234
/kaggle/input/datasets/lexuanhieu131297/acne-severity-classification/Classification/JPEGImages/levle0_133.jpg,Deep,r0f1,0,0,0.9983312487602234,0.9983312487602234,0.0016638138331472874,2.1448274765134556e-06,2.7647920433082618e-06
/kaggle/input/datasets/lexuanhieu131297/acne-severity-classification/Classification/JPEGImages/levle1_211.jpg,Medium,r0f1,1,0,0.5981910824775696,0.5981910824775696,0.3926865756511688,0.007087717764079571,0.0020346350502222776
/kaggle/input/datasets/lexuanhieu131297/acne-severity-classification/Classification/JPEGImages/levle2_102.jpg,Deep,r0f1,2,1,0.5460940599441528,7.503603410441428e-05,0.5460940599441528,0.4536129832267761,0.00021797374938614666
/kaggle/input/datasets/lexuanhieu131297/acne-severity-classification/Classification/JPEGImages/levle1_351.jpg,Medium,r0f1,1,1,0.8939921259880066,0.00015317440556827933,0.8939921259880066,0.10573451220989227,0.00012022797454847023
/kaggle/input/datasets/lexuanhieu131297/acne-severity-classification/Classification/JPEGImages/levle1_637.jpg,Deep,r0f1,1,1,0.9370110034942627,0.00030705067911185324,0.9370110034942627,0.061893172562122345,0.0007886891253292561
/kaggle/input/datasets/lexuanhieu131297/acne-severity-classification/Classification/JPEGImages/levle0_39.jpg,Medium,r0f1,0,0,0.9594539999961853,0.9594539999961853,0.04034304991364479,0.00013004358334001154,7.294784154510126e-05
/kaggle/input/datasets/lexuanhieu131297/acne-severity-classification/Classification/JPEGImages/levle2_163.jpg,Deep,r0f1,2,2,0.9824404716491699,1.328794769506203e-05,0.017119787633419037,0.9824404716491699,0.00042649792158044875
/kaggle/input/datasets/lexuanhieu131297/acne-severity-classification/Classification/JPEGImages/levle2_21.jpg,Deep,r0f1,2,2,0.7677039504051208,0.00044672389049082994,0.15061727166175842,0.7677039504051208,0.08123209327459335
/kaggle/input/datasets/lexuanhieu131297/acne-severity-classification/Classification/JPEGImages/levle1_502.jpg,Medium,r0f1,1,0,0.9858292937278748,0.9858292937278748,0.014048374257981777,7.793896656949073e-05,4.440828342922032e-05
/kaggle/input/datasets/lexuanhieu131297/acne-severity-classification/Classification/JPEGImages/levle1_109.jpg,Medium,r0f1,1,2,0.9088472127914429,0.0015302915126085281,0.08511582016944885,0.9088472127914429,0.004506570287048817
/kaggle/input/datasets/lexuanhieu131297/acne-severity-classification/Classification/JPEGImages/levle0_258.jpg,Medium,r0f1,0,0,0.9705499410629272,0.9705499410629272,0.028615174815058708,0.00046455825213342905,0.0003703781112562865
/kaggle/input/datasets/lexuanhieu131297/acne-severity-classification/Classification/JPEGImages/levle0_292.jpg,Deep,r0f1,0,0,0.8234577178955078,0.8234577178955078,0.1763545721769333,0.00013515519094653428,5.2515653806040064e-05
/kaggle/input/datasets/lexuanhieu131297/acne-severity-classification/Classification/JPEGImages/levle2_127.jpg,Deep,r0f1,2,3,0.9679665565490723,0.0025491102132946253,0.00658611161634326,0.022898167371749878,0.9679665565490723
/kaggle/input/datasets/lexuanhieu131297/acne-severity-classification/Classification/JPEGImages/levle0_166.jpg,Deep,r0f1,0,0,0.988955020904541,0.988955020904541,0.010986298322677612,2.944514744740445e-05,2.921600389527157e-05
/kaggle/input/datasets/lexuanhieu131297/acne-severity-classification/Classification/JPEGImages/levle1_186.jpg,Deep,r0f1,1,1,0.9683634042739868,0.0008360389620065689,0.9683634042739868,0.030735308304429054,6.52283342787996e-05
/kaggle/input/datasets/lexuanhieu131297/acne-severity-classification/Classification/JPEGImages/levle0_345.jpg,Deep,r0f1,0,0,0.9653356075286865,0.9653356075286865,0.03451593592762947,9.535195567877963e-05,5.307135870680213e-05
/kaggle/input/datasets/lexuanhieu131297/acne-severity-classification/Classification/JPEGImages/levle1_199.jpg,Medium,r0f1,1,0,0.9344966411590576,0.9344966411590576,0.06478426605463028,0.000562138156965375,0.0001570174645166844
/kaggle/input/datasets/lexuanhieu131297/acne-severity-classification/Classification/JPEGImages/levle0_253.jpg,Deep,r0f1,0,0,0.9440938234329224,0.9440938234329224,0.055818233639001846,4.991515015717596e-05,3.797344470513053e-05
/kaggle/input/datasets/lexuanhieu131297/acne-severity-classification/Classification/JPEGImages/levle1_290.jpg,Deep,r0f1,1,1,0.9413689970970154,0.05753614008426666,0.9413689970970154,0.000989963999018073,0.00010495461901882663
/kaggle/input/datasets/lexuanhieu131297/acne-severity-classification/Classification/JPEGImages/levle3_91.jpg,Deep,r0f1,3,3,0.914627730846405,0.0002408284490229562,0.008236341178417206,0.07689515501260757,0.914627730846405
/kaggle/input/datasets/lexuanhieu131297/acne-severity-classification/Classification/JPEGImages/levle0_235.jpg,Deep,r0f1,0,1,0.6390500664710999,0.35987767577171326,0.6390500664710999,0.0008696828735992312,0.0002025724243139848
/kaggle/input/datasets/lexuanhieu131297/acne-severity-classification/Classification/JPEGImages/levle1_124.jpg,Medium,r0f1,1,1,0.9585748314857483,0.0009250461007468402,0.9585748314857483,0.04042433947324753,7.578424265375361e-05
/kaggle/input/datasets/lexuanhieu131297/acne-severity-classification/Classification/JPEGImages/levle3_8.jpg,Medium,r0f1,3,3,0.9983749389648438,5.563502782024443e-06,9.264064283343032e-05,0.0015268683200702071,0.9983749389648438
/kaggle/input/datasets/lexuanhieu131297/acne-severity-classification/Classification/JPEGImages/levle0_231.jpg,Deep,r0f1,0,0,0.9982629418373108,0.9982629418373108,0.0017186080804094672,9.135879736277275e-06,9.316069736087229e-06
/kaggle/input/datasets/lexuanhieu131297/acne-severity-classification/Classification/JPEGImages/levle2_98.jpg,Medium,r0f1,2,1,0.985560953617096,0.0007717206026427448,0.985560953617096,0.013649051077663898,1.8363063645665534e-05
/kaggle/input/datasets/lexuanhieu131297/acne-severity-classification/Classification/JPEGImages/levle0_266.jpg,Deep,r0f1,0,0,0.9940178394317627,0.9940178394317627,0.005922201555222273,3.6546040064422414e-05,2.3412276277667843e-05
/kaggle/input/datasets/lexuanhieu131297/acne-severity-classification/Classification/JPEGImages/levle1_376.jpg,Deep,r0f1,1,2,0.896719753742218,0.0001309044164372608,0.10299504548311234,0.896719753742218,0.00015424311277456582
/kaggle/input/datasets/lexuanhieu131297/acne-severity-classification/Classification/JPEGImages/levle0_336.jpg,Medium,r0f1,0,0,0.9416085481643677,0.9416085481643677,0.05822917819023132,0.0001184956418001093,4.37627277278807e-05
/kaggle/input/datasets/lexuanhieu131297/acne-severity-classification/Classification/JPEGImages/levle1_94.jpg,Deep,r0f1,1,1,0.7546766996383667,0.00023875810438767076,0.7546766996383667,0.24500764906406403,7.69101970945485e-05
/kaggle/input/datasets/lexuanhieu131297/acne-severity-classification/Classification/JPEGImages/levle0_529.jpg,Deep,r0f1,0,0,0.6843472719192505,0.6843472719192505,0.26513081789016724,0.046593163162469864,0.003928702790290117
/kaggle/input/datasets/lexuanhieu131297/acne-severity-classification/Classification/JPEGImages/levle0_136.jpg,Medium,r0f1,0,0,0.9934334754943848,0.9934334754943848,0.006545030977576971,1.4585328244720586e-05,6.86276143824216e-06
/kaggle/input/datasets/lexuanhieu131297/acne-severity-classification/Classification/JPEGImages/levle1_129.jpg,Medium,r0f1,1,1,0.9963358640670776,0.0020655023399740458,0.9963358640670776,0.0015591230476275086,3.960784670198336e-05
/kaggle/input/datasets/lexuanhieu131297/acne-severity-classification/Classification/JPEGImages/levle0_87.jpg,Deep,r0f1,0,0,0.6410890817642212,0.6410890817642212,0.3582163155078888,0.0005611050291918218,0.00013353467511478812
/kaggle/input/datasets/lexuanhieu131297/acne-severity-classification/Classification/JPEGImages/levle0_15.jpg,Medium,r0f1,0,0,0.9914974570274353,0.9914974570274353,0.00841221772134304,5.100744965602644e-05,3.926183489966206e-05
/kaggle/input/datasets/lexuanhieu131297/acne-severity-classification/Classification/JPEGImages/levle2_185.jpg,Deep,r0f1,2,2,0.9840883016586304,6.9594188971677795e-06,0.013063972815871239,0.9840883016586304,0.002840725239366293
/kaggle/input/datasets/lexuanhieu131297/acne-severity-classification/Classification/JPEGImages/levle1_539.jpg,Medium,r0f1,1,1,0.9732195138931274,0.017493177205324173,0.9732195138931274,0.009011312387883663,0.0002759986964520067
/kaggle/input/datasets/lexuanhieu131297/acne-severity-classification/Classification/JPEGImages/levle0_189.jpg,Deep,r0f1,0,0,0.8328970670700073,0.8328970670700073,0.16594041883945465,0.0009752222103998065,0.00018721818923950195
/kaggle/input/datasets/lexuanhieu131297/acne-severity-classification/Classification/JPEGImages/levle0_486.jpg,Medium,r0f1,0,0,0.936433732509613,0.936433732509613,0.06329097598791122,0.00020124467846471816,7.403378549497575e-05
/kaggle/input/datasets/lexuanhieu131297/acne-severity-classification/Classification/JPEGImages/levle2_5.jpg,Light,r0f1,2,2,0.999592125415802,1.127260134126118e-06,0.00015322378021664917,0.999592125415802,0.00025361203006468713
/kaggle/input/datasets/lexuanhieu131297/acne-severity-classification/Classification/JPEGImages/levle1_133.jpg,Deep,r0f1,1,1,0.9736583232879639,0.02523491159081459,0.9736583232879639,0.0010793650289997458,2.7446900276117958e-05
/kaggle/input/datasets/lexuanhieu131297/acne-severity-classification/Classification/JPEGImages/levle1_54.jpg,Medium,r0f1,1,1,0.9983561635017395,0.0005625162739306688,0.9983561635017395,0.0010685112792998552,1.2784587852365803e-05
/kaggle/input/datasets/lexuanhieu131297/acne-severity-classification/Classification/JPEGImages/levle3_25.jpg,Medium,r0f1,3,3,0.999751627445221,3.5970208500657463e-06,2.286746894242242e-05,0.00022188876755535603,0.999751627445221
/kaggle/input/datasets/lexuanhieu131297/acne-severity-classification/Classification/JPEGImages/levle0_105.jpg,Deep,r0f1,0,0,0.9987717270851135,0.9987717270851135,0.0012231728760525584,3.1220827167999232e-06,1.9385449832043378e-06
/kaggle/input/datasets/lexuanhieu131297/acne-severity-classification/Classification/JPEGImages/levle0_178.jpg,Deep,r0f1,0,0,0.9925433397293091,0.9925433397293091,0.0074461158365011215,6.910388947289903e-06,3.7133415844436968e-06
/kaggle/input/datasets/lexuanhieu131297/acne-severity-classification/Classification/JPEGImages/levle1_278.jpg,Medium,r0f1,1,0,0.8736059665679932,0.8736059665679932,0.12366190552711487,0.002278256928548217,0.0004539035144262016
/kaggle/input/datasets/lexuanhieu131297/acne-severity-classification/Classification/JPEGImages/levle0_25.jpg,Deep,r0f1,0,0,0.9608264565467834,0.9608264565467834,0.03866377845406532,0.00031118662445805967,0.00019857643928844482
/kaggle/input/datasets/lexuanhieu131297/acne-severity-classification/Classification/JPEGImages/levle0_418.jpg,Medium,r0f1,0,1,0.5456187129020691,0.45321810245513916,0.5456187129020691,0.0009115480934269726,0.00025164894759655
/kaggle/input/datasets/lexuanhieu131297/acne-severity-classification/Classification/JPEGImages/levle0_322.jpg,Deep,r0f1,0,0,0.5838437080383301,0.5838437080383301,0.41481661796569824,0.0011052837362512946,0.00023441102530341595
/kaggle/input/datasets/lexuanhieu131297/acne-severity-classification/Classification/JPEGImages/levle1_401.jpg,Medium,r0f1,1,1,0.9956854581832886,0.0009798099054023623,0.9956854581832886,0.003320323769003153,1.4504630598821677e-05
/kaggle/input/datasets/lexuanhieu131297/acne-severity-classification/Classification/JPEGImages/levle1_412.jpg,Medium,r0f1,1,0,0.9702014327049255,0.9702014327049255,0.029642893001437187,0.00011336032912367955,4.2359661165392026e-05
/kaggle/input/datasets/lexuanhieu131297/acne-severity-classification/Classification/JPEGImages/levle2_87.jpg,Deep,r0f1,2,1,0.7879642248153687,0.005350902210921049,0.7879642248153687,0.1849774569272995,0.021707454696297646
/kaggle/input/datasets/lexuanhieu131297/acne-severity-classification/Classification/JPEGImages/levle0_279.jpg,Deep,r0f1,0,0,0.7209261059761047,0.7209261059761047,0.2779417634010315,0.0009658972267061472,0.00016621661779936403
/kaggle/input/datasets/lexuanhieu131297/acne-severity-classification/Classification/JPEGImages/levle2_159.jpg,Deep,r0f1,2,1,0.8591079115867615,0.008227293379604816,0.8591079115867615,0.13110673427581787,0.0015579868340864778
/kaggle/input/datasets/lexuanhieu131297/acne-severity-classification/Classification/JPEGImages/levle1_478.jpg,Deep,r0f1,1,1,0.9907158613204956,0.002862650901079178,0.9907158613204956,0.006366593297570944,5.489387331181206e-05
/kaggle/input/datasets/lexuanhieu131297/acne-severity-classification/Classification/JPEGImages/levle0_59.jpg,Deep,r0f1,0,0,0.9881581664085388,0.9881581664085388,0.0118116345256567,2.078157376672607e-05,9.514497833151836e-06
/kaggle/input/datasets/lexuanhieu131297/acne-severity-classification/Classification/JPEGImages/levle2_77.jpg,Deep,r0f1,2,2,0.9623903632164001,3.014688627445139e-05,0.036791250109672546,0.9623903632164001,0.0007882012869231403
/kaggle/input/datasets/lexuanhieu131297/acne-severity-classification/Classification/JPEGImages/levle1_269.jpg,Deep,r0f1,1,1,0.9961417317390442,0.0023526670411229134,0.9961417317390442,0.001471542869694531,3.41374434356112e-05
/kaggle/input/datasets/lexuanhieu131297/acne-severity-classification/Classification/JPEGImages/levle0_522.jpg,Deep,r0f1,0,0,0.9592758417129517,0.9592758417129517,0.04053298756480217,0.00015290139708667994,3.828382978099398e-05
/kaggle/input/datasets/lexuanhieu131297/acne-severity-classification/Classification/JPEGImages/levle1_493.jpg,Deep,r0f1,1,1,0.9898898601531982,0.001047107158228755,0.9898898601531982,0.00892933364957571,0.00013364576443564147
/kaggle/input/datasets/lexuanhieu131297/acne-severity-classification/Classification/JPEGImages/levle1_584.jpg,Medium,r0f1,1,1,0.764072597026825,0.1445850431919098,0.764072597026825,0.08784525841474533,0.003497134894132614
/kaggle/input/datasets/lexuanhieu131297/acne-severity-classification/Classification/JPEGImages/levle2_171.jpg,Medium,r0f1,2,2,0.877672553062439,6.467688217526302e-05,0.12195360660552979,0.877672553062439,0.0003091593971475959
/kaggle/input/datasets/lexuanhieu131297/acne-severity-classification/Classification/JPEGImages/levle2_180.jpg,Medium,r0f1,2,1,0.9766878485679626,0.01860126480460167,0.9766878485679626,0.004130286630243063,0.0005806731642223895
/kaggle/input/datasets/lexuanhieu131297/acne-severity-classification/Classification/JPEGImages/levle1_213.jpg,Medium,r0f1,1,1,0.880042314529419,0.057861145585775375,0.880042314529419,0.06006333976984024,0.0020332944113761187
/kaggle/input/datasets/lexuanhieu131297/acne-severity-classification/Classification/JPEGImages/levle1_579.jpg,Deep,r0f1,1,1,0.9967672824859619,0.000283229339402169,0.9967672824859619,0.002924777800217271,2.4700017092982307e-05
/kaggle/input/datasets/lexuanhieu131297/acne-severity-classification/Classification/JPEGImages/levle0_230.jpg,Medium,r0f1,0,0,0.8676163554191589,0.8676163554191589,0.1320178508758545,0.0002734188747126609,9.230215073330328e-05
/kaggle/input/datasets/lexuanhieu131297/acne-severity-classification/Classification/JPEGImages/levle2_167.jpg,Deep,r0f1,2,2,0.9722374081611633,0.00013783083704765886,0.026362275704741478,0.9722374081611633,0.0012625274248421192
/kaggle/input/datasets/lexuanhieu131297/acne-severity-classification/Classification/JPEGImages/levle1_427.jpg,Medium,r0f1,1,2,0.5241666436195374,0.0002670761023182422,0.4753985106945038,0.5241666436195374,0.00016778611461631954
/kaggle/input/datasets/lexuanhieu131297/acne-severity-classification/Classification/JPEGImages/levle0_78.jpg,Deep,r0f1,0,0,0.7152440547943115,0.7152440547943115,0.28450441360473633,0.00018253493180964142,6.901234155520797e-05
/kaggle/input/datasets/lexuanhieu131297/acne-severity-classification/Classification/JPEGImages/levle1_267.jpg,Medium,r0f1,1,1,0.5152753591537476,0.009727674536406994,0.5152753591537476,0.4728432893753052,0.002153646433725953
/kaggle/input/datasets/lexuanhieu131297/acne-severity-classification/Classification/JPEGImages/levle3_48.jpg,Deep,r0f1,3,3,0.5237339735031128,6.654555363638792e-06,0.0012533596018329263,0.4750060737133026,0.5237339735031128
/kaggle/input/datasets/lexuanhieu131297/acne-severity-classification/Classification/JPEGImages/levle1_47.jpg,Deep,r0f1,1,1,0.9987887740135193,0.0006841421709395945,0.9987887740135193,0.000514404324349016,1.2790127584594302e-05
/kaggle/input/datasets/lexuanhieu131297/acne-severity-classification/Classification/JPEGImages/levle0_271.jpg,Deep,r0f1,0,0,0.8297178745269775,0.8297178745269775,0.16988950967788696,0.00033312858431600034,5.949381011305377e-05
/kaggle/input/datasets/lexuanhieu131297/acne-severity-classification/Classification/JPEGImages/levle1_226.jpg,Deep,r0f1,1,1,0.952264130115509,0.042539965361356735,0.952264130115509,0.005100559908896685,9.53556300373748e-05
/kaggle/input/datasets/lexuanhieu131297/acne-severity-classification/Classification/JPEGImages/levle1_279.jpg,Medium,r0f1,1,0,0.9899699091911316,0.9899699091911316,0.009786220267415047,0.00018411969358567148,5.9774916735477746e-05
/kaggle/input/datasets/lexuanhieu131297/acne-severity-classification/Classification/JPEGImages/levle2_8.jpg,Deep,r0f1,2,3,0.6352294087409973,0.00047741306480020285,0.019598843529820442,0.3446943461894989,0.6352294087409973
/kaggle/input/datasets/lexuanhieu131297/acne-severity-classification/Classification/JPEGImages/levle0_384.jpg,Deep,r0f1,0,0,0.9767290353775024,0.9767290353775024,0.02306036837399006,0.00011637389980023727,9.424245945410803e-05
/kaggle/input/datasets/lexuanhieu131297/acne-severity-classification/Classification/JPEGImages/levle3_90.jpg,Deep,r0f1,3,2,0.7136039137840271,0.001421308727003634,0.13009978830814362,0.7136039137840271,0.15487496554851532
/kaggle/input/datasets/lexuanhieu131297/acne-severity-classification/Classification/JPEGImages/levle0_150.jpg,Deep,r0f1,0,0,0.9972250461578369,0.9972250461578369,0.0027602685149759054,8.573442755732685e-06,6.127162578195566e-06
/kaggle/input/datasets/lexuanhieu131297/acne-severity-classification/Classification/JPEGImages/levle3_11.jpg,Medium,r0f1,3,3,0.8122098445892334,0.0013011328410357237,0.024985942989587784,0.16150310635566711,0.8122098445892334
/kaggle/input/datasets/lexuanhieu131297/acne-severity-classification/Classification/JPEGImages/levle0_376.jpg,Medium,r0f1,0,0,0.9505323767662048,0.9505323767662048,0.04790544882416725,0.0011527823517099023,0.0004094347241334617
/kaggle/input/datasets/lexuanhieu131297/acne-severity-classification/Classification/JPEGImages/levle0_92.jpg,Deep,r0f1,0,0,0.9888474941253662,0.9888474941253662,0.010947621427476406,0.00013066735118627548,7.430674304487184e-05
/kaggle/input/datasets/lexuanhieu131297/acne-severity-classification/Classification/JPEGImages/levle1_425.jpg,Medium,r0f1,1,1,0.7847760915756226,0.21121962368488312,0.7847760915756226,0.0034745903685688972,0.0005297326715663075
/kaggle/input/datasets/lexuanhieu131297/acne-severity-classification/Classification/JPEGImages/levle1_557.jpg,Medium,r0f1,1,1,0.9514927864074707,0.046865884214639664,0.9514927864074707,0.0015927371568977833,4.856848681811243e-05
/kaggle/input/datasets/lexuanhieu131297/acne-severity-classification/Classification/JPEGImages/levle3_44.jpg,Medium,r0f1,3,3,0.8442202210426331,4.614163117366843e-05,0.005551117938011885,0.15018245577812195,0.8442202210426331
/kaggle/input/datasets/lexuanhieu131297/acne-severity-classification/Classification/JPEGImages/levle1_506.jpg,Medium,r0f1,1,0,0.8766698241233826,0.8766698241233826,0.12241053581237793,0.0006423515151254833,0.000277353246929124
/kaggle/input/datasets/lexuanhieu131297/acne-severity-classification/Classification/JPEGImages/levle1_393.jpg,Medium,r0f1,1,0,0.9607493281364441,0.9607493281364441,0.03819160908460617,0.0006916919955983758,0.000367354805348441
/kaggle/input/datasets/lexuanhieu131297/acne-severity-classification/Classification/JPEGImages/levle3_82.jpg,Deep,r0f1,3,2,0.6842770576477051,5.538136247196235e-05,0.0023826342076063156,0.6842770576477051,0.31328487396240234
/kaggle/input/datasets/lexuanhieu131297/acne-severity-classification/Classification/JPEGImages/levle2_142.jpg,Deep,r0f1,2,2,0.9986836314201355,9.336822586192284e-07,0.001227552187629044,0.9986836314201355,8.790905121713877e-05
/kaggle/input/datasets/lexuanhieu131297/acne-severity-classification/Classification/JPEGImages/levle1_157.jpg,Deep,r0f1,1,1,0.9859638214111328,0.009839864447712898,0.9859638214111328,0.004104871302843094,9.148899698629975e-05
/kaggle/input/datasets/lexuanhieu131297/acne-severity-classification/Classification/JPEGImages/levle1_336.jpg,Medium,r0f1,1,1,0.927764356136322,0.06099878251552582,0.927764356136322,0.010960537008941174,0.0002762738149613142
/kaggle/input/datasets/lexuanhieu131297/acne-severity-classification/Classification/JPEGImages/levle0_64.jpg,Deep,r0f1,0,1,0.6094056963920593,0.28492623567581177,0.6094056963920593,0.0988050028681755,0.006863078568130732
/kaggle/input/datasets/lexuanhieu131297/acne-severity-classification/Classification/JPEGImages/levle0_148.jpg,Medium,r0f1,0,0,0.9840145707130432,0.9840145707130432,0.01563560590147972,0.0002443531702738255,0.00010550634033279493
/kaggle/input/datasets/lexuanhieu131297/acne-severity-classification/Classification/JPEGImages/levle1_424.jpg,Deep,r0f1,1,1,0.8802847266197205,0.09003658592700958,0.8802847266197205,0.028996044769883156,0.0006825879099778831
/kaggle/input/datasets/lexuanhieu131297/acne-severity-classification/Classification/JPEGImages/levle3_136.jpg,Light,r0f1,3,3,0.9984349608421326,1.551068976368697e-06,4.393425479065627e-05,0.0015195223968476057,0.9984349608421326
/kaggle/input/datasets/lexuanhieu131297/acne-severity-classification/Classification/JPEGImages/levle2_72.jpg,Deep,r0f1,2,2,0.9907393455505371,3.656807166407816e-05,0.007888796739280224,0.9907393455505371,0.0013351939851418138
/kaggle/input/datasets/lexuanhieu131297/acne-severity-classification/Classification/JPEGImages/levle1_162.jpg,Medium,r0f1,1,1,0.9825648665428162,0.01677439920604229,0.9825648665428162,0.0006428365013562143,1.7953145288629457e-05
/kaggle/input/datasets/lexuanhieu131297/acne-severity-classification/Classification/JPEGImages/levle1_504.jpg,Deep,r0f1,1,0,0.9936426877975464,0.9936426877975464,0.006338804494589567,1.0798913535836618e-05,7.717634616710711e-06
/kaggle/input/datasets/lexuanhieu131297/acne-severity-classification/Classification/JPEGImages/levle1_149.jpg,Deep,r0f1,1,1,0.9905762672424316,0.004933461081236601,0.9905762672424316,0.004454835318028927,3.54371550201904e-05
/kaggle/input/datasets/lexuanhieu131297/acne-severity-classification/Classification/JPEGImages/levle0_23.jpg,Deep,r0f1,0,0,0.9971469044685364,0.9971469044685364,0.0028227472212165594,2.155194124497939e-05,8.81041614775313e-06
/kaggle/input/datasets/lexuanhieu131297/acne-severity-classification/Classification/JPEGImages/levle3_14.jpg,Deep,r0f1,3,2,0.9912403225898743,2.4949866201495752e-05,0.004228831734508276,0.9912403225898743,0.004505965858697891
/kaggle/input/datasets/lexuanhieu131297/acne-severity-classification/Classification/JPEGImages/levle1_492.jpg,Deep,r0f1,1,1,0.8001614809036255,0.0015059486031532288,0.8001614809036255,0.19820576906204224,0.0001267946499865502
/kaggle/input/datasets/lexuanhieu131297/acne-severity-classification/Classification/JPEGImages/levle0_61.jpg,Deep,r0f1,0,0,0.9389886260032654,0.9389886260032654,0.06085386127233505,0.00010346955968998373,5.410031008068472e-05
/kaggle/input/datasets/lexuanhieu131297/acne-severity-classification/Classification/JPEGImages/levle0_457.jpg,Medium,r0f1,0,0,0.9897895455360413,0.9897895455360413,0.010169239714741707,1.3812307770422194e-05,2.7361964384908788e-05
/kaggle/input/datasets/lexuanhieu131297/acne-severity-classification/Classification/JPEGImages/levle3_103.jpg,Deep,r0f1,3,3,0.9998977184295654,4.90693537358311e-07,1.5028366760816425e-05,8.682077168487012e-05,0.9998977184295654
/kaggle/input/datasets/lexuanhieu131297/acne-severity-classification/Classification/JPEGImages/levle1_564.jpg,Deep,r0f2,1,1,0.9747441411018372,0.001437123864889145,0.9747441411018372,0.023461678996682167,0.000357030367013067
/kaggle/input/datasets/lexuanhieu131297/acne-severity-classification/Classification/JPEGImages/levle0_164.jpg,Deep,r0f2,0,0,0.7158926725387573,0.7158926725387573,0.27816593647003174,0.0021699457429349422,0.0037713635247200727
/kaggle/input/datasets/lexuanhieu131297/acne-severity-classification/Classification/JPEGImages/levle0_289.jpg,Deep,r0f2,0,1,0.9783726334571838,0.0023322373162955046,0.9783726334571838,0.019182642921805382,0.00011254278069827706
/kaggle/input/datasets/lexuanhieu131297/acne-severity-classification/Classification/JPEGImages/levle0_462.jpg,Deep,r0f2,0,0,0.7166845798492432,0.7166845798492432,0.2720227837562561,0.008864528499543667,0.0024281649384647608
/kaggle/input/datasets/lexuanhieu131297/acne-severity-classification/Classification/JPEGImages/levle1_595.jpg,Medium,r0f2,1,1,0.920660674571991,0.0710630863904953,0.920660674571991,0.007345125079154968,0.0009310959721915424
/kaggle/input/datasets/lexuanhieu131297/acne-severity-classification/Classification/JPEGImages/levle0_97.jpg,Deep,r0f2,0,0,0.8740847706794739,0.8740847706794739,0.12216882407665253,0.001497858902439475,0.0022485526278615
/kaggle/input/datasets/lexuanhieu131297/acne-severity-classification/Classification/JPEGImages/levle1_332.jpg,Deep,r0f2,1,1,0.9157974720001221,0.07424303889274597,0.9157974720001221,0.008899599313735962,0.0010597959626466036
/kaggle/input/datasets/lexuanhieu131297/acne-severity-classification/Classification/JPEGImages/levle0_298.jpg,Deep,r0f2,0,0,0.9992156028747559,0.9992156028747559,0.0007799332379363477,1.7249440134037286e-06,2.7350019990990404e-06
/kaggle/input/datasets/lexuanhieu131297/acne-severity-classification/Classification/JPEGImages/levle2_135.jpg,Medium,r0f2,2,2,0.9221463799476624,8.440538658760488e-05,0.07297252118587494,0.9221463799476624,0.004796636290848255
/kaggle/input/datasets/lexuanhieu131297/acne-severity-classification/Classification/JPEGImages/levle0_367.jpg,Deep,r0f2,0,0,0.9903709292411804,0.9903709292411804,0.009568066336214542,2.512349783501122e-05,3.584744990803301e-05
/kaggle/input/datasets/lexuanhieu131297/acne-severity-classification/Classification/JPEGImages/levle2_31.jpg,Deep,r0f2,2,3,0.9880653023719788,0.00025563189410604537,0.002058382611721754,0.009620659053325653,0.9880653023719788
/kaggle/input/datasets/lexuanhieu131297/acne-severity-classification/Classification/JPEGImages/levle0_66.jpg,Deep,r0f2,0,1,0.880828857421875,0.11862656474113464,0.880828857421875,0.00037425849586725235,0.000170346989762038
/kaggle/input/datasets/lexuanhieu131297/acne-severity-classification/Classification/JPEGImages/levle1_374.jpg,Deep,r0f2,1,2,0.9773356914520264,3.593270594137721e-05,0.02219071425497532,0.9773356914520264,0.0004377500154078007
/kaggle/input/datasets/lexuanhieu131297/acne-severity-classification/Classification/JPEGImages/levle3_31.jpg,Light,r0f2,3,3,0.9980040192604065,5.817830970045179e-05,0.0007059937925077975,0.0012318186927586794,0.9980040192604065
/kaggle/input/datasets/lexuanhieu131297/acne-severity-classification/Classification/JPEGImages/levle1_519.jpg,Deep,r0f2,1,1,0.7633482813835144,0.2319004386663437,0.7633482813835144,0.0033534173853695393,0.0013979123905301094
/kaggle/input/datasets/lexuanhieu131297/acne-severity-classification/Classification/JPEGImages/levle1_173.jpg,Deep,r0f2,1,1,0.6829262375831604,0.05144171416759491,0.6829262375831604,0.2536380887031555,0.011993858963251114
/kaggle/input/datasets/lexuanhieu131297/acne-severity-classification/Classification/JPEGImages/levle1_563.jpg,Deep,r0f2,1,1,0.9937793612480164,0.004298026207834482,0.9937793612480164,0.0018740048399195075,4.8593476094538346e-05
/kaggle/input/datasets/lexuanhieu131297/acne-severity-classification/Classification/JPEGImages/levle0_501.jpg,Medium,r0f2,0,0,0.9263906478881836,0.9263906478881836,0.07298693060874939,0.000446026970166713,0.00017638075223658234
/kaggle/input/datasets/lexuanhieu131297/acne-severity-classification/Classification/JPEGImages/levle0_154.jpg,Deep,r0f2,0,0,0.9461994767189026,0.9461994767189026,0.05265607312321663,0.0005549080087803304,0.000589543953537941
/kaggle/input/datasets/lexuanhieu131297/acne-severity-classification/Classification/JPEGImages/levle1_455.jpg,Deep,r0f2,1,1,0.7768558263778687,0.07506397366523743,0.7768558263778687,0.1378616839647293,0.010218502953648567
/kaggle/input/datasets/lexuanhieu131297/acne-severity-classification/Classification/JPEGImages/levle1_346.jpg,Deep,r0f2,1,1,0.9509007930755615,0.02269303798675537,0.9509007930755615,0.0253035556524992,0.0011025703279301524
/kaggle/input/datasets/lexuanhieu131297/acne-severity-classification/Classification/JPEGImages/levle3_131.jpg,Deep,r0f2,3,3,0.926854133605957,0.00016805934137664735,0.006570417899638414,0.06640749424695969,0.926854133605957
/kaggle/input/datasets/lexuanhieu131297/acne-severity-classification/Classification/JPEGImages/levle2_57.jpg,Medium,r0f2,2,2,0.7929186820983887,0.00036499445559456944,0.20503517985343933,0.7929186820983887,0.0016811375971883535
/kaggle/input/datasets/lexuanhieu131297/acne-severity-classification/Classification/JPEGImages/levle1_589.jpg,Medium,r0f2,1,2,0.5669219493865967,0.0002171936648664996,0.4321346580982208,0.5669219493865967,0.0007261965074576437
/kaggle/input/datasets/lexuanhieu131297/acne-severity-classification/Classification/JPEGImages/levle0_227.jpg,Medium,r0f2,0,0,0.9797102212905884,0.9797102212905884,0.02006692998111248,0.0001071166479960084,0.0001158207087428309
/kaggle/input/datasets/lexuanhieu131297/acne-severity-classification/Classification/JPEGImages/levle1_242.jpg,Deep,r0f2,1,1,0.8485522270202637,0.14963217079639435,0.8485522270202637,0.001676937215961516,0.0001387310039717704
/kaggle/input/datasets/lexuanhieu131297/acne-severity-classification/Classification/JPEGImages/levle3_102.jpg,Deep,r0f2,3,3,0.9866850972175598,0.00042169983498752117,0.0016941198846325278,0.011199121363461018,0.9866850972175598
/kaggle/input/datasets/lexuanhieu131297/acne-severity-classification/Classification/JPEGImages/levle1_315.jpg,Deep,r0f2,1,1,0.5952861905097961,0.00091084762243554,0.5952861905097961,0.4027908146381378,0.0010121625382453203
/kaggle/input/datasets/lexuanhieu131297/acne-severity-classification/Classification/JPEGImages/levle1_378.jpg,Medium,r0f2,1,1,0.9009950160980225,0.07297171652317047,0.9009950160980225,0.024424569681286812,0.0016086169052869081
/kaggle/input/datasets/lexuanhieu131297/acne-severity-classification/Classification/JPEGImages/levle0_221.jpg,Medium,r0f2,0,0,0.9778093695640564,0.9778093695640564,0.022093329578638077,4.9911803216673434e-05,4.7440498747164384e-05
/kaggle/input/datasets/lexuanhieu131297/acne-severity-classification/Classification/JPEGImages/levle1_593.jpg,Medium,r0f2,1,1,0.9087602496147156,0.0774535983800888,0.9087602496147156,0.011619750410318375,0.002166295889765024
/kaggle/input/datasets/lexuanhieu131297/acne-severity-classification/Classification/JPEGImages/levle0_88.jpg,Deep,r0f2,0,0,0.8589506149291992,0.8589506149291992,0.1407686471939087,0.00022528650879394263,5.542491635424085e-05
/kaggle/input/datasets/lexuanhieu131297/acne-severity-classification/Classification/JPEGImages/levle1_397.jpg,Deep,r0f2,1,1,0.9829394817352295,0.007203247398138046,0.9829394817352295,0.009195116348564625,0.0006622005603276193
/kaggle/input/datasets/lexuanhieu131297/acne-severity-classification/Classification/JPEGImages/levle3_41.jpg,Medium,r0f2,3,2,0.8912926912307739,0.00036065728636458516,0.0034961323253810406,0.8912926912307739,0.10485056787729263
/kaggle/input/datasets/lexuanhieu131297/acne-severity-classification/Classification/JPEGImages/levle1_165.jpg,Deep,r0f2,1,1,0.7242695093154907,0.26958462595939636,0.7242695093154907,0.004995817318558693,0.0011501024710014462
/kaggle/input/datasets/lexuanhieu131297/acne-severity-classification/Classification/JPEGImages/levle0_365.jpg,Light,r0f2,0,0,0.9840425848960876,0.9840425848960876,0.01593666337430477,8.493219866068102e-06,1.2309385056141764e-05
/kaggle/input/datasets/lexuanhieu131297/acne-severity-classification/Classification/JPEGImages/levle1_364.jpg,Deep,r0f2,1,1,0.7876161336898804,0.19928644597530365,0.7876161336898804,0.004218664951622486,0.008878736756742
/kaggle/input/datasets/lexuanhieu131297/acne-severity-classification/Classification/JPEGImages/levle0_74.jpg,Deep,r0f2,0,1,0.5548989772796631,0.22568224370479584,0.5548989772796631,0.14796990156173706,0.07144882529973984
/kaggle/input/datasets/lexuanhieu131297/acne-severity-classification/Classification/JPEGImages/levle0_36.jpg,Deep,r0f2,0,1,0.6143659353256226,0.36399978399276733,0.6143659353256226,0.01777196116745472,0.0038622687570750713
/kaggle/input/datasets/lexuanhieu131297/acne-severity-classification/Classification/JPEGImages/levle1_495.jpg,Deep,r0f2,1,1,0.985665500164032,0.008326067589223385,0.985665500164032,0.005821052473038435,0.00018730026204138994
/kaggle/input/datasets/lexuanhieu131297/acne-severity-classification/Classification/JPEGImages/levle3_137.jpg,Light,r0f2,3,3,0.9991881251335144,1.681902722339146e-05,0.00015406192687805742,0.0006410682108253241,0.9991881251335144
/kaggle/input/datasets/lexuanhieu131297/acne-severity-classification/Classification/JPEGImages/levle0_459.jpg,Deep,r0f2,0,1,0.8797096014022827,0.11766871064901352,0.8797096014022827,0.0020325258374214172,0.0005891926703043282
/kaggle/input/datasets/lexuanhieu131297/acne-severity-classification/Classification/JPEGImages/levle0_483.jpg,Medium,r0f2,0,0,0.6764736175537109,0.6764736175537109,0.321421355009079,0.001892667612992227,0.0002123513986589387
/kaggle/input/datasets/lexuanhieu131297/acne-severity-classification/Classification/JPEGImages/levle3_28.jpg,Deep,r0f2,3,3,0.9799321293830872,0.0002001655666390434,0.004044059198349714,0.015823667868971825,0.9799321293830872
/kaggle/input/datasets/lexuanhieu131297/acne-severity-classification/Classification/JPEGImages/levle1_349.jpg,Deep,r0f2,1,1,0.9724612236022949,0.0022822064347565174,0.9724612236022949,0.025090308859944344,0.00016629400488454849
/kaggle/input/datasets/lexuanhieu131297/acne-severity-classification/Classification/JPEGImages/levle1_476.jpg,Deep,r0f2,1,1,0.9881674647331238,0.0101006543263793,0.9881674647331238,0.0016001078765839338,0.00013185890566091985
/kaggle/input/datasets/lexuanhieu131297/acne-severity-classification/Classification/JPEGImages/levle1_108.jpg,Deep,r0f2,1,1,0.897033154964447,0.002276252256706357,0.897033154964447,0.1002519503235817,0.0004386936197988689
/kaggle/input/datasets/lexuanhieu131297/acne-severity-classification/Classification/JPEGImages/levle1_64.jpg,Medium,r0f2,1,1,0.7225881218910217,0.2663450241088867,0.7225881218910217,0.009486137889325619,0.0015806551091372967
/kaggle/input/datasets/lexuanhieu131297/acne-severity-classification/Classification/JPEGImages/levle2_41.jpg,Deep,r0f2,2,2,0.9812146425247192,4.668493784265593e-05,0.01699710823595524,0.9812146425247192,0.0017416045302525163
/kaggle/input/datasets/lexuanhieu131297/acne-severity-classification/Classification/JPEGImages/levle0_224.jpg,Medium,r0f2,0,0,0.9832272529602051,0.9832272529602051,0.016703946515917778,1.6942845832090825e-05,5.178150604479015e-05
/kaggle/input/datasets/lexuanhieu131297/acne-severity-classification/Classification/JPEGImages/levle1_515.jpg,Medium,r0f2,1,1,0.6213309168815613,0.0033837114460766315,0.6213309168815613,0.37392354011535645,0.0013618130469694734
/kaggle/input/datasets/lexuanhieu131297/acne-severity-classification/Classification/JPEGImages/levle1_228.jpg,Deep,r0f2,1,1,0.7638304829597473,0.12490517646074295,0.7638304829597473,0.09907383471727371,0.012190422043204308
/kaggle/input/datasets/lexuanhieu131297/acne-severity-classification/Classification/JPEGImages/levle0_130.jpg,Medium,r0f2,0,0,0.9961925745010376,0.9961925745010376,0.00378553313203156,8.871018508216366e-06,1.2957773833477404e-05
/kaggle/input/datasets/lexuanhieu131297/acne-severity-classification/Classification/JPEGImages/levle1_292.jpg,Medium,r0f2,1,1,0.9411303400993347,0.05521000176668167,0.9411303400993347,0.0032705962657928467,0.00038909411523491144
/kaggle/input/datasets/lexuanhieu131297/acne-severity-classification/Classification/JPEGImages/levle3_145.jpg,Deep,r0f2,3,3,0.9902113080024719,9.973818669095635e-05,0.0019340903963893652,0.00775477709248662,0.9902113080024719
/kaggle/input/datasets/lexuanhieu131297/acne-severity-classification/Classification/JPEGImages/levle0_371.jpg,Medium,r0f2,0,1,0.9639931917190552,0.03239940106868744,0.9639931917190552,0.003317492315545678,0.0002898792445193976
/kaggle/input/datasets/lexuanhieu131297/acne-severity-classification/Classification/JPEGImages/levle0_284.jpg,Medium,r0f2,0,0,0.9877882599830627,0.9877882599830627,0.012158243916928768,1.9668234017444775e-05,3.3851174521259964e-05
/kaggle/input/datasets/lexuanhieu131297/acne-severity-classification/Classification/JPEGImages/levle0_356.jpg,Deep,r0f2,0,1,0.5820239782333374,0.4095050096511841,0.5820239782333374,0.007441977504640818,0.001029034610837698
/kaggle/input/datasets/lexuanhieu131297/acne-severity-classification/Classification/JPEGImages/levle0_460.jpg,Medium,r0f2,0,1,0.8093015551567078,0.18740667402744293,0.8093015551567078,0.0027259369380772114,0.0005658346344716847
/kaggle/input/datasets/lexuanhieu131297/acne-severity-classification/Classification/JPEGImages/levle1_156.jpg,Medium,r0f2,1,1,0.9717435240745544,0.005524375010281801,0.9717435240745544,0.02015804871916771,0.002574095269665122
/kaggle/input/datasets/lexuanhieu131297/acne-severity-classification/Classification/JPEGImages/levle1_442.jpg,Deep,r0f2,1,1,0.9167004823684692,0.0086006298661232,0.9167004823684692,0.07280770689249039,0.0018911536317318678
/kaggle/input/datasets/lexuanhieu131297/acne-severity-classification/Classification/JPEGImages/levle0_233.jpg,Medium,r0f2,0,0,0.9749764800071716,0.9749764800071716,0.024623528122901917,0.0002587322087492794,0.00014122083666734397
/kaggle/input/datasets/lexuanhieu131297/acne-severity-classification/Classification/JPEGImages/levle0_11.jpg,Light,r0f2,0,0,0.8021695017814636,0.8021695017814636,0.17242568731307983,0.0149966636672616,0.010408193804323673
/kaggle/input/datasets/lexuanhieu131297/acne-severity-classification/Classification/JPEGImages/levle0_449.jpg,Medium,r0f2,0,0,0.5420077443122864,0.5420077443122864,0.4546368718147278,0.002698094816878438,0.0006573337013833225
/kaggle/input/datasets/lexuanhieu131297/acne-severity-classification/Classification/JPEGImages/levle1_522.jpg,Deep,r0f2,1,1,0.897567093372345,0.0947878286242485,0.897567093372345,0.006577615160495043,0.0010674928780645132
/kaggle/input/datasets/lexuanhieu131297/acne-severity-classification/Classification/JPEGImages/levle1_592.jpg,Deep,r0f2,1,1,0.6120542287826538,0.018338603898882866,0.6120542287826538,0.34737837314605713,0.022228853777050972
/kaggle/input/datasets/lexuanhieu131297/acne-severity-classification/Classification/JPEGImages/levle1_430.jpg,Medium,r0f2,1,1,0.9686347842216492,0.029558923095464706,0.9686347842216492,0.0012120266910642385,0.0005941659328527749
/kaggle/input/datasets/lexuanhieu131297/acne-severity-classification/Classification/JPEGImages/levle2_177.jpg,Medium,r0f2,2,2,0.995008111000061,5.501592113432707e-06,0.004339209757745266,0.995008111000061,0.0006471741944551468
/kaggle/input/datasets/lexuanhieu131297/acne-severity-classification/Classification/JPEGImages/levle3_75.jpg,Deep,r0f2,3,3,0.9870179295539856,2.7178970412933268e-05,0.0008638747967779636,0.012091062031686306,0.9870179295539856
/kaggle/input/datasets/lexuanhieu131297/acne-severity-classification/Classification/JPEGImages/levle0_256.jpg,Deep,r0f2,0,0,0.976664662361145,0.976664662361145,0.022790206596255302,0.0003327939775772393,0.00021236467000562698
/kaggle/input/datasets/lexuanhieu131297/acne-severity-classification/Classification/JPEGImages/levle1_360.jpg,Deep,r0f2,1,0,0.9827489852905273,0.9827489852905273,0.017242632806301117,3.0480903205898358e-06,5.266628249955829e-06
/kaggle/input/datasets/lexuanhieu131297/acne-severity-classification/Classification/JPEGImages/levle3_72.jpg,Deep,r0f2,3,2,0.9686455726623535,7.422429916914552e-05,0.030909838154911995,0.9686455726623535,0.00037037403672002256
/kaggle/input/datasets/lexuanhieu131297/acne-severity-classification/Classification/JPEGImages/levle0_366.jpg,Deep,r0f2,0,0,0.9951167106628418,0.9951167106628418,0.00482946215197444,1.9430914107942954e-05,3.4369782952126116e-05
/kaggle/input/datasets/lexuanhieu131297/acne-severity-classification/Classification/JPEGImages/levle0_188.jpg,Deep,r0f2,0,0,0.5421608686447144,0.5421608686447144,0.45299237966537476,0.003385124960914254,0.0014616225380450487
/kaggle/input/datasets/lexuanhieu131297/acne-severity-classification/Classification/JPEGImages/levle1_1.jpg,Deep,r0f2,1,1,0.6622329354286194,0.31929811835289,0.6622329354286194,0.013452069833874702,0.0050168633460998535
/kaggle/input/datasets/lexuanhieu131297/acne-severity-classification/Classification/JPEGImages/levle1_390.jpg,Medium,r0f2,1,1,0.5860735774040222,0.4004487991333008,0.5860735774040222,0.010323087684810162,0.0031545190140604973
/kaggle/input/datasets/lexuanhieu131297/acne-severity-classification/Classification/JPEGImages/levle0_439.jpg,Medium,r0f2,0,0,0.9038688540458679,0.9038688540458679,0.09601426869630814,5.7419107179157436e-05,5.9473648434504867e-05
/kaggle/input/datasets/lexuanhieu131297/acne-severity-classification/Classification/JPEGImages/levle0_313.jpg,Medium,r0f2,0,0,0.7428397536277771,0.7428397536277771,0.25273850560188293,0.003640499897301197,0.0007811863906681538
/kaggle/input/datasets/lexuanhieu131297/acne-severity-classification/Classification/JPEGImages/levle0_386.jpg,Medium,r0f2,0,0,0.9771937131881714,0.9771937131881714,0.022580953314900398,0.00010894876322709024,0.00011642926256172359
/kaggle/input/datasets/lexuanhieu131297/acne-severity-classification/Classification/JPEGImages/levle0_278.jpg,Deep,r0f2,0,0,0.8958369493484497,0.8958369493484497,0.10349830985069275,0.0003378835099283606,0.0003268489090260118
/kaggle/input/datasets/lexuanhieu131297/acne-severity-classification/Classification/JPEGImages/levle1_84.jpg,Deep,r0f2,1,2,0.9581629037857056,2.5874085622490384e-05,0.041486553847789764,0.9581629037857056,0.0003245821571908891
/kaggle/input/datasets/lexuanhieu131297/acne-severity-classification/Classification/JPEGImages/levle1_151.jpg,Deep,r0f2,1,1,0.5594792366027832,0.43828341364860535,0.5594792366027832,0.0011678114533424377,0.0010695529635995626
/kaggle/input/datasets/lexuanhieu131297/acne-severity-classification/Classification/JPEGImages/levle0_158.jpg,Deep,r0f2,0,0,0.9725801944732666,0.9725801944732666,0.02732185274362564,4.55567060271278e-05,5.24354400113225e-05
/kaggle/input/datasets/lexuanhieu131297/acne-severity-classification/Classification/JPEGImages/levle1_276.jpg,Medium,r0f2,1,0,0.7216330170631409,0.7216330170631409,0.2733665406703949,0.0034613993484526873,0.0015389897162094712
/kaggle/input/datasets/lexuanhieu131297/acne-severity-classification/Classification/JPEGImages/levle0_57.jpg,Deep,r0f2,0,0,0.6546795964241028,0.6546795964241028,0.3187539279460907,0.01732776314020157,0.009238723665475845
/kaggle/input/datasets/lexuanhieu131297/acne-severity-classification/Classification/JPEGImages/levle1_207.jpg,Deep,r0f2,1,1,0.9977413415908813,0.0010060985805466771,0.9977413415908813,0.0012219109339639544,3.064974589506164e-05
/kaggle/input/datasets/lexuanhieu131297/acne-severity-classification/Classification/JPEGImages/levle0_173.jpg,Medium,r0f2,0,0,0.9955704808235168,0.9955704808235168,0.00441218726336956,6.460835720645264e-06,1.0904725058935583e-05
/kaggle/input/datasets/lexuanhieu131297/acne-severity-classification/Classification/JPEGImages/levle3_30.jpg,Light,r0f2,3,3,0.9406707286834717,0.00241512106731534,0.020600268617272377,0.03631383180618286,0.9406707286834717
/kaggle/input/datasets/lexuanhieu131297/acne-severity-classification/Classification/JPEGImages/levle1_475.jpg,Medium,r0f2,1,1,0.9811259508132935,0.0028936797752976418,0.9811259508132935,0.015525138936936855,0.00045517177204601467
/kaggle/input/datasets/lexuanhieu131297/acne-severity-classification/Classification/JPEGImages/levle1_235.jpg,Deep,r0f2,1,1,0.7221729755401611,0.02301107347011566,0.7221729755401611,0.25018635392189026,0.004629551433026791
/kaggle/input/datasets/lexuanhieu131297/acne-severity-classification/Classification/JPEGImages/levle2_11.jpg,Medium,r0f2,2,3,0.9950466156005859,3.305076825199649e-05,0.000777627807110548,0.004142685327678919,0.9950466156005859
/kaggle/input/datasets/lexuanhieu131297/acne-severity-classification/Classification/JPEGImages/levle2_33.jpg,Deep,r0f2,2,2,0.9845596551895142,0.0001093420505640097,0.013985822908580303,0.9845596551895142,0.0013451309641823173
/kaggle/input/datasets/lexuanhieu131297/acne-severity-classification/Classification/JPEGImages/levle0_236.jpg,Medium,r0f2,0,0,0.9829084873199463,0.9829084873199463,0.01691187359392643,0.00010135040065506473,7.831751281628385e-05
/kaggle/input/datasets/lexuanhieu131297/acne-severity-classification/Classification/JPEGImages/levle1_147.jpg,Deep,r0f2,1,1,0.6323748826980591,0.3674229383468628,0.6323748826980591,0.00016585997946094722,3.643460149760358e-05
/kaggle/input/datasets/lexuanhieu131297/acne-severity-classification/Classification/JPEGImages/levle1_630.jpg,Deep,r0f2,1,1,0.8852200508117676,0.004123472608625889,0.8852200508117676,0.109775111079216,0.0008813741151243448
/kaggle/input/datasets/lexuanhieu131297/acne-severity-classification/Classification/JPEGImages/levle2_94.jpg,Deep,r0f2,2,1,0.8887947797775269,0.020003776997327805,0.8887947797775269,0.04120573401451111,0.04999568685889244
/kaggle/input/datasets/lexuanhieu131297/acne-severity-classification/Classification/JPEGImages/levle1_576.jpg,Deep,r0f2,1,1,0.9840682148933411,0.011323175393044949,0.9840682148933411,0.00431040208786726,0.000298236875096336
/kaggle/input/datasets/lexuanhieu131297/acne-severity-classification/Classification/JPEGImages/levle0_257.jpg,Medium,r0f2,0,0,0.9549733400344849,0.9549733400344849,0.04483950883150101,0.00010985114931827411,7.728992932243273e-05
/kaggle/input/datasets/lexuanhieu131297/acne-severity-classification/Classification/JPEGImages/levle2_26.jpg,Medium,r0f2,2,3,0.9845579266548157,0.00020830649009440094,0.004354868084192276,0.01087886281311512,0.9845579266548157
/kaggle/input/datasets/lexuanhieu131297/acne-severity-classification/Classification/JPEGImages/levle1_96.jpg,Deep,r0f2,1,0,0.9591144919395447,0.9591144919395447,0.040764324367046356,8.69359791977331e-05,3.431163349887356e-05
/kaggle/input/datasets/lexuanhieu131297/acne-severity-classification/Classification/JPEGImages/levle0_249.jpg,Medium,r0f2,0,0,0.987097442150116,0.987097442150116,0.012795143760740757,6.270628364291042e-05,4.4639440602622926e-05
/kaggle/input/datasets/lexuanhieu131297/acne-severity-classification/Classification/JPEGImages/levle3_123.jpg,Medium,r0f2,3,3,0.9113094210624695,0.00024805573048070073,0.004337188322097063,0.08410533517599106,0.9113094210624695
/kaggle/input/datasets/lexuanhieu131297/acne-severity-classification/Classification/JPEGImages/levle3_86.jpg,Deep,r0f2,3,3,0.9786862730979919,0.00030127662466838956,0.005216549150645733,0.015795836225152016,0.9786862730979919
/kaggle/input/datasets/lexuanhieu131297/acne-severity-classification/Classification/JPEGImages/levle3_19.jpg,Deep,r0f2,3,1,0.7020778059959412,0.061257071793079376,0.7020778059959412,0.13392847776412964,0.10273667424917221
/kaggle/input/datasets/lexuanhieu131297/acne-severity-classification/Classification/JPEGImages/levle1_481.jpg,Deep,r0f2,1,1,0.9116854071617126,0.023930607363581657,0.9116854071617126,0.06274355947971344,0.0016404695343226194
/kaggle/input/datasets/lexuanhieu131297/acne-severity-classification/Classification/JPEGImages/levle1_266.jpg,Deep,r0f2,1,1,0.6337037682533264,0.2097400277853012,0.6337037682533264,0.04681074619293213,0.10974545031785965
/kaggle/input/datasets/lexuanhieu131297/acne-severity-classification/Classification/JPEGImages/levle1_408.jpg,Medium,r0f2,1,0,0.6420342922210693,0.6420342922210693,0.35043424367904663,0.005844044033437967,0.0016874786233529449
/kaggle/input/datasets/lexuanhieu131297/acne-severity-classification/Classification/JPEGImages/levle1_573.jpg,Deep,r0f2,1,1,0.9058141708374023,0.010082359425723553,0.9058141708374023,0.03581495210528374,0.0482885017991066
/kaggle/input/datasets/lexuanhieu131297/acne-severity-classification/Classification/JPEGImages/levle1_28.jpg,Deep,r0f2,1,2,0.7345697283744812,0.0036566616035997868,0.25560182332992554,0.7345697283744812,0.006171784829348326
/kaggle/input/datasets/lexuanhieu131297/acne-severity-classification/Classification/JPEGImages/levle1_83.jpg,Deep,r0f2,1,2,0.955396294593811,0.00010303985618520528,0.04173193871974945,0.955396294593811,0.0027686955872923136
/kaggle/input/datasets/lexuanhieu131297/acne-severity-classification/Classification/JPEGImages/levle1_255.jpg,Light,r0f2,1,1,0.5743454694747925,0.020356236025691032,0.5743454694747925,0.3920522630214691,0.013246055692434311
/kaggle/input/datasets/lexuanhieu131297/acne-severity-classification/Classification/JPEGImages/levle0_312.jpg,Medium,r0f2,0,0,0.6760354042053223,0.6760354042053223,0.3171609938144684,0.0055919247679412365,0.001211702823638916
/kaggle/input/datasets/lexuanhieu131297/acne-severity-classification/Classification/JPEGImages/levle1_142.jpg,Deep,r0f2,1,1,0.9824748635292053,0.013149110600352287,0.9824748635292053,0.004082364495843649,0.0002937108220066875
/kaggle/input/datasets/lexuanhieu131297/acne-severity-classification/Classification/JPEGImages/levle1_463.jpg,Deep,r0f2,1,0,0.6582498550415039,0.6582498550415039,0.3401641547679901,0.0010805553756654263,0.0005054579814895988
/kaggle/input/datasets/lexuanhieu131297/acne-severity-classification/Classification/JPEGImages/levle1_71.jpg,Deep,r0f2,1,0,0.4757077693939209,0.4757077693939209,0.30308037996292114,0.1181819811463356,0.10302983224391937
/kaggle/input/datasets/lexuanhieu131297/acne-severity-classification/Classification/JPEGImages/levle0_419.jpg,Medium,r0f2,0,0,0.7375587224960327,0.7375587224960327,0.26195940375328064,0.0003176979080308229,0.00016417693404946476
/kaggle/input/datasets/lexuanhieu131297/acne-severity-classification/Classification/JPEGImages/levle3_76.jpg,Medium,r0f2,3,3,0.9995560050010681,1.7390651692039683e-06,3.4187611163361e-05,0.000408036052249372,0.9995560050010681
/kaggle/input/datasets/lexuanhieu131297/acne-severity-classification/Classification/JPEGImages/levle2_43.jpg,Deep,r0f2,2,2,0.9883651733398438,2.32302454605815e-06,0.011506674811244011,0.9883651733398438,0.000125845821457915
/kaggle/input/datasets/lexuanhieu131297/acne-severity-classification/Classification/JPEGImages/levle0_9.jpg,Light,r0f2,0,0,0.9942305088043213,0.9942305088043213,0.005763693246990442,2.062227622445789e-06,3.837727945210645e-06
/kaggle/input/datasets/lexuanhieu131297/acne-severity-classification/Classification/JPEGImages/levle0_126.jpg,Deep,r0f2,0,0,0.971758246421814,0.971758246421814,0.027891607955098152,0.00011443275434430689,0.00023571975179947913
/kaggle/input/datasets/lexuanhieu131297/acne-severity-classification/Classification/JPEGImages/levle0_353.jpg,Medium,r0f2,0,0,0.9891596436500549,0.9891596436500549,0.010828779079020023,7.4755844252649695e-06,4.19342268287437e-06
/kaggle/input/datasets/lexuanhieu131297/acne-severity-classification/Classification/JPEGImages/levle1_143.jpg,Medium,r0f2,1,1,0.7655641436576843,0.22410111129283905,0.7655641436576843,0.007653356064110994,0.0026813384611159563
/kaggle/input/datasets/lexuanhieu131297/acne-severity-classification/Classification/JPEGImages/levle1_366.jpg,Deep,r0f2,1,1,0.8588419556617737,0.12925484776496887,0.8588419556617737,0.00800289772450924,0.003900300245732069
/kaggle/input/datasets/lexuanhieu131297/acne-severity-classification/Classification/JPEGImages/levle0_388.jpg,Medium,r0f2,0,0,0.989943265914917,0.989943265914917,0.010013134218752384,2.0982402929803357e-05,2.259893881273456e-05
/kaggle/input/datasets/lexuanhieu131297/acne-severity-classification/Classification/JPEGImages/levle2_141.jpg,Deep,r0f2,2,2,0.9977445602416992,3.4992771702491154e-07,0.0022283229045569897,0.9977445602416992,2.6733268896350637e-05
/kaggle/input/datasets/lexuanhieu131297/acne-severity-classification/Classification/JPEGImages/levle0_209.jpg,Deep,r0f2,0,0,0.8474593758583069,0.8474593758583069,0.1522381603717804,0.00021126712090335786,9.122047777054831e-05
/kaggle/input/datasets/lexuanhieu131297/acne-severity-classification/Classification/JPEGImages/levle1_201.jpg,Medium,r0f2,1,1,0.9745269417762756,0.01306504663079977,0.9745269417762756,0.011826361529529095,0.0005816560587845743
/kaggle/input/datasets/lexuanhieu131297/acne-severity-classification/Classification/JPEGImages/levle1_8.jpg,Deep,r0f2,1,2,0.5702350735664368,0.007883710786700249,0.39731141924858093,0.5702350735664368,0.024569785222411156
/kaggle/input/datasets/lexuanhieu131297/acne-severity-classification/Classification/JPEGImages/levle1_357.jpg,Deep,r0f2,1,1,0.9394270181655884,0.0015211839927360415,0.9394270181655884,0.05883649364113808,0.00021532877872232348
/kaggle/input/datasets/lexuanhieu131297/acne-severity-classification/Classification/JPEGImages/levle2_40.jpg,Deep,r0f2,2,2,0.6898631453514099,0.0007156239007599652,0.3079238831996918,0.6898631453514099,0.0014973258366808295
/kaggle/input/datasets/lexuanhieu131297/acne-severity-classification/Classification/JPEGImages/levle3_15.jpg,Light,r0f2,3,3,0.4591376781463623,0.0036487665493041277,0.08497340977191925,0.4522401690483093,0.4591376781463623
/kaggle/input/datasets/lexuanhieu131297/acne-severity-classification/Classification/JPEGImages/levle1_112.jpg,Deep,r0f2,1,1,0.9011052846908569,0.0962832048535347,0.9011052846908569,0.002363781677559018,0.00024768520961515605
/kaggle/input/datasets/lexuanhieu131297/acne-severity-classification/Classification/JPEGImages/levle0_163.jpg,Deep,r0f2,0,0,0.9439759254455566,0.9439759254455566,0.05575678497552872,0.00018043234013020992,8.691122638992965e-05
/kaggle/input/datasets/lexuanhieu131297/acne-severity-classification/Classification/JPEGImages/levle2_35.jpg,Deep,r0f2,2,1,0.5407395362854004,0.0007104705437086523,0.5407395362854004,0.45623859763145447,0.002311414573341608
/kaggle/input/datasets/lexuanhieu131297/acne-severity-classification/Classification/JPEGImages/levle1_164.jpg,Medium,r0f2,1,1,0.9789217114448547,0.01829436793923378,0.9789217114448547,0.0025231654290109873,0.0002607959322631359
/kaggle/input/datasets/lexuanhieu131297/acne-severity-classification/Classification/JPEGImages/levle0_331.jpg,Medium,r0f2,0,0,0.9993436932563782,0.9993436932563782,0.0006533352425321937,6.497031677099585e-07,2.3951547518663574e-06
/kaggle/input/datasets/lexuanhieu131297/acne-severity-classification/Classification/JPEGImages/levle0_125.jpg,Deep,r0f2,0,0,0.9371031522750854,0.9371031522750854,0.06247619166970253,0.00022999296197667718,0.00019067084940616041
/kaggle/input/datasets/lexuanhieu131297/acne-severity-classification/Classification/JPEGImages/levle0_275.jpg,Medium,r0f2,0,0,0.9626800417900085,0.9626800417900085,0.037036675959825516,0.00011834099132101983,0.00016494322335347533
/kaggle/input/datasets/lexuanhieu131297/acne-severity-classification/Classification/JPEGImages/levle2_66.jpg,Deep,r0f2,2,2,0.9704102873802185,6.549400131916627e-05,0.022738438099622726,0.9704102873802185,0.006785774137824774
/kaggle/input/datasets/lexuanhieu131297/acne-severity-classification/Classification/JPEGImages/levle1_244.jpg,Deep,r0f2,1,1,0.8394535183906555,0.11152257025241852,0.8394535183906555,0.04410010203719139,0.004923793487250805
/kaggle/input/datasets/lexuanhieu131297/acne-severity-classification/Classification/JPEGImages/levle3_101.jpg,Deep,r0f2,3,3,0.9962310194969177,2.346440487599466e-05,0.0009446334443055093,0.002800942165777087,0.9962310194969177
/kaggle/input/datasets/lexuanhieu131297/acne-severity-classification/Classification/JPEGImages/levle1_546.jpg,Deep,r0f2,1,1,0.9630618691444397,0.0008122011204250157,0.9630618691444397,0.03590264543890953,0.0002233482664451003
/kaggle/input/datasets/lexuanhieu131297/acne-severity-classification/Classification/JPEGImages/levle1_585.jpg,Medium,r0f2,1,1,0.9470700025558472,0.00036782698589377105,0.9470700025558472,0.05211592838168144,0.0004462913784664124
/kaggle/input/datasets/lexuanhieu131297/acne-severity-classification/Classification/JPEGImages/levle1_306.jpg,Medium,r0f2,1,1,0.5960343480110168,0.400940865278244,0.5960343480110168,0.0024027801118791103,0.000621924817096442
/kaggle/input/datasets/lexuanhieu131297/acne-severity-classification/Classification/JPEGImages/levle2_45.jpg,Deep,r0f2,2,3,0.841037392616272,0.0014869774458929896,0.012745560146868229,0.1447300910949707,0.841037392616272
/kaggle/input/datasets/lexuanhieu131297/acne-severity-classification/Classification/JPEGImages/levle1_343.jpg,Deep,r0f2,1,1,0.9140529632568359,0.0840296596288681,0.9140529632568359,0.0018134519923478365,0.0001039190829033032
/kaggle/input/datasets/lexuanhieu131297/acne-severity-classification/Classification/JPEGImages/levle1_216.jpg,Deep,r0f2,1,1,0.9892528653144836,0.0005292718415148556,0.9892528653144836,0.010166206397116184,5.1693408749997616e-05
/kaggle/input/datasets/lexuanhieu131297/acne-severity-classification/Classification/JPEGImages/levle1_7.jpg,Medium,r0f2,1,1,0.5779559016227722,0.02857869863510132,0.5779559016227722,0.3781084716320038,0.015356946736574173
/kaggle/input/datasets/lexuanhieu131297/acne-severity-classification/Classification/JPEGImages/levle1_118.jpg,Deep,r0f2,1,1,0.9689834713935852,0.026794707402586937,0.9689834713935852,0.003971632570028305,0.0002502058632671833
/kaggle/input/datasets/lexuanhieu131297/acne-severity-classification/Classification/JPEGImages/levle1_93.jpg,Deep,r0f2,1,1,0.8124285936355591,0.181277334690094,0.8124285936355591,0.003935153596103191,0.00235898420214653
/kaggle/input/datasets/lexuanhieu131297/acne-severity-classification/Classification/JPEGImages/levle1_74.jpg,Deep,r0f2,1,1,0.5850997567176819,0.16628874838352203,0.5850997567176819,0.195267453789711,0.05334407091140747
/kaggle/input/datasets/lexuanhieu131297/acne-severity-classification/Classification/JPEGImages/levle1_331.jpg,Medium,r0f2,1,0,0.8874105215072632,0.8874105215072632,0.11216245591640472,0.00026271320530213416,0.00016440171748399734
/kaggle/input/datasets/lexuanhieu131297/acne-severity-classification/Classification/JPEGImages/levle0_417.jpg,Medium,r0f2,0,0,0.9353129863739014,0.9353129863739014,0.06293804198503494,0.0010307991178706288,0.0007182096596807241
/kaggle/input/datasets/lexuanhieu131297/acne-severity-classification/Classification/JPEGImages/levle0_108.jpg,Medium,r0f2,0,0,0.9995612502098083,0.9995612502098083,0.00043483186163939536,8.710522934052278e-07,3.1123693133849883e-06
/kaggle/input/datasets/lexuanhieu131297/acne-severity-classification/Classification/JPEGImages/levle0_238.jpg,Medium,r0f2,0,0,0.8500512838363647,0.8500512838363647,0.14945802092552185,0.0003307918959762901,0.00015996051661204547
/kaggle/input/datasets/lexuanhieu131297/acne-severity-classification/Classification/JPEGImages/levle1_265.jpg,Deep,r0f2,1,1,0.7950875759124756,0.15161550045013428,0.7950875759124756,0.021271295845508575,0.03202568739652634
/kaggle/input/datasets/lexuanhieu131297/acne-severity-classification/Classification/JPEGImages/levle1_305.jpg,Medium,r0f2,1,1,0.5739087462425232,0.41417911648750305,0.5739087462425232,0.010278037749230862,0.0016341818263754249
/kaggle/input/datasets/lexuanhieu131297/acne-severity-classification/Classification/JPEGImages/levle2_156.jpg,Medium,r0f2,2,2,0.9959567189216614,7.599684295200859e-07,0.003993471618741751,0.9959567189216614,4.908190021524206e-05
/kaggle/input/datasets/lexuanhieu131297/acne-severity-classification/Classification/JPEGImages/levle3_140.jpg,Medium,r0f2,3,3,0.9993258714675903,4.1708399294293486e-06,6.348310125758871e-05,0.0006064423359930515,0.9993258714675903
/kaggle/input/datasets/lexuanhieu131297/acne-severity-classification/Classification/JPEGImages/levle1_429.jpg,Deep,r0f2,1,1,0.6541651487350464,0.3427068293094635,0.6541651487350464,0.0025509982369840145,0.0005770402494817972
/kaggle/input/datasets/lexuanhieu131297/acne-severity-classification/Classification/JPEGImages/levle0_176.jpg,Deep,r0f2,0,0,0.9982439279556274,0.9982439279556274,0.0017503333510830998,1.798927087293123e-06,3.975534582423279e-06
/kaggle/input/datasets/lexuanhieu131297/acne-severity-classification/Classification/JPEGImages/levle1_569.jpg,Deep,r0f2,1,3,0.8010128736495972,0.0029430065769702196,0.14523562788963318,0.05080854147672653,0.8010128736495972
/kaggle/input/datasets/lexuanhieu131297/acne-severity-classification/Classification/JPEGImages/levle1_202.jpg,Deep,r0f2,1,1,0.8957332372665405,0.05306251719594002,0.8957332372665405,0.04228447750210762,0.008919747546315193
/kaggle/input/datasets/lexuanhieu131297/acne-severity-classification/Classification/JPEGImages/levle0_10.jpg,Light,r0f2,0,1,0.916386067867279,0.03598611056804657,0.916386067867279,0.04391920939087868,0.003708665492013097
/kaggle/input/datasets/lexuanhieu131297/acne-severity-classification/Classification/JPEGImages/levle3_130.jpg,Deep,r0f2,3,3,0.9987986087799072,3.524085286699119e-06,6.546371150761843e-05,0.0011323856888338923,0.9987986087799072
/kaggle/input/datasets/lexuanhieu131297/acne-severity-classification/Classification/JPEGImages/levle1_40.jpg,Deep,r0f2,1,1,0.5785268545150757,0.0013249614275991917,0.5785268545150757,0.41547825932502747,0.004669952671974897
/kaggle/input/datasets/lexuanhieu131297/acne-severity-classification/Classification/JPEGImages/levle2_190.jpg,Deep,r0f2,2,2,0.964752733707428,0.0001592766639078036,0.03204716742038727,0.964752733707428,0.0030407560989260674
/kaggle/input/datasets/lexuanhieu131297/acne-severity-classification/Classification/JPEGImages/levle0_96.jpg,Deep,r0f2,0,0,0.9962305426597595,0.9962305426597595,0.0036988849751651287,2.5972714865929447e-05,4.452759094419889e-05
/kaggle/input/datasets/lexuanhieu131297/acne-severity-classification/Classification/JPEGImages/levle0_520.jpg,Deep,r0f2,0,0,0.7507906556129456,0.7507906556129456,0.24446119368076324,0.00424331845715642,0.0005048163002356887
/kaggle/input/datasets/lexuanhieu131297/acne-severity-classification/Classification/JPEGImages/levle1_517.jpg,Deep,r0f2,1,1,0.6591976881027222,0.008306181989610195,0.6591976881027222,0.32760369777679443,0.004892498254776001
/kaggle/input/datasets/lexuanhieu131297/acne-severity-classification/Classification/JPEGImages/levle2_96.jpg,Deep,r0f2,2,2,0.998246431350708,1.73001558323449e-06,0.0008660570019856095,0.998246431350708,0.0008857295615598559
/kaggle/input/datasets/lexuanhieu131297/acne-severity-classification/Classification/JPEGImages/levle1_32.jpg,Deep,r0f2,1,1,0.7906081080436707,0.01793348416686058,0.7906081080436707,0.1812102347612381,0.010248172096908092
/kaggle/input/datasets/lexuanhieu131297/acne-severity-classification/Classification/JPEGImages/levle0_300.jpg,Deep,r0f2,0,0,0.9908992052078247,0.9908992052078247,0.009054847992956638,2.9967639420647174e-05,1.597798654984217e-05
/kaggle/input/datasets/lexuanhieu131297/acne-severity-classification/Classification/JPEGImages/levle2_81.jpg,Deep,r0f2,2,2,0.9825030565261841,5.794982280349359e-05,0.012726265005767345,0.9825030565261841,0.0047126938588917255
/kaggle/input/datasets/lexuanhieu131297/acne-severity-classification/Classification/JPEGImages/levle2_4.jpg,Medium,r0f2,2,2,0.5844928622245789,0.02184830792248249,0.10817311704158783,0.5844928622245789,0.2854856848716736
/kaggle/input/datasets/lexuanhieu131297/acne-severity-classification/Classification/JPEGImages/levle1_514.jpg,Deep,r0f2,1,1,0.7607213854789734,0.19323475658893585,0.7607213854789734,0.042086873203516006,0.00395696796476841
/kaggle/input/datasets/lexuanhieu131297/acne-severity-classification/Classification/JPEGImages/levle1_416.jpg,Medium,r0f2,1,0,0.9303642511367798,0.9303642511367798,0.0687246099114418,0.00039453443605452776,0.0005165838520042598
/kaggle/input/datasets/lexuanhieu131297/acne-severity-classification/Classification/JPEGImages/levle0_488.jpg,Medium,r0f2,0,1,0.7431778907775879,0.25186777114868164,0.7431778907775879,0.004079022444784641,0.0008752855355851352
/kaggle/input/datasets/lexuanhieu131297/acne-severity-classification/Classification/JPEGImages/levle0_82.jpg,Deep,r0f2,0,1,0.7069682478904724,0.2907063961029053,0.7069682478904724,0.002232614206150174,9.269253496313468e-05
/kaggle/input/datasets/lexuanhieu131297/acne-severity-classification/Classification/JPEGImages/levle2_10.jpg,Deep,r0f2,2,3,0.9519329071044922,0.003943885676562786,0.028494343161582947,0.015628864988684654,0.9519329071044922
/kaggle/input/datasets/lexuanhieu131297/acne-severity-classification/Classification/JPEGImages/levle1_578.jpg,Deep,r0f2,1,1,0.8404346704483032,0.1331222504377365,0.8404346704483032,0.022092703729867935,0.004350310657173395
/kaggle/input/datasets/lexuanhieu131297/acne-severity-classification/Classification/JPEGImages/levle2_173.jpg,Medium,r0f2,2,2,0.574738085269928,0.002038700971752405,0.4016238749027252,0.574738085269928,0.021599378436803818
/kaggle/input/datasets/lexuanhieu131297/acne-severity-classification/Classification/JPEGImages/levle1_509.jpg,Deep,r0f2,1,0,0.6014625430107117,0.6014625430107117,0.3894727826118469,0.0078116352669894695,0.0012529942905530334
/kaggle/input/datasets/lexuanhieu131297/acne-severity-classification/Classification/JPEGImages/levle0_149.jpg,Deep,r0f2,0,0,0.9972568154335022,0.9972568154335022,0.002724203746765852,1.1314044968457893e-05,7.745705261186231e-06
/kaggle/input/datasets/lexuanhieu131297/acne-severity-classification/Classification/JPEGImages/levle1_98.jpg,Deep,r0f2,1,1,0.6391814947128296,0.003373827552422881,0.6391814947128296,0.35575810074806213,0.0016865557990968227
/kaggle/input/datasets/lexuanhieu131297/acne-severity-classification/Classification/JPEGImages/levle1_623.jpg,Medium,r0f2,1,1,0.974711537361145,0.0013552915770560503,0.974711537361145,0.023807087913155556,0.00012606175732798874
/kaggle/input/datasets/lexuanhieu131297/acne-severity-classification/Classification/JPEGImages/levle0_69.jpg,Deep,r0f2,0,0,0.5313549637794495,0.5313549637794495,0.4670909643173218,0.0013911320129409432,0.00016293344378937036
/kaggle/input/datasets/lexuanhieu131297/acne-severity-classification/Classification/JPEGImages/levle0_441.jpg,Medium,r0f2,0,1,0.9223475456237793,0.07368671149015427,0.9223475456237793,0.0026781472843140364,0.0012875013053417206
/kaggle/input/datasets/lexuanhieu131297/acne-severity-classification/Classification/JPEGImages/levle0_514.jpg,Deep,r0f2,0,0,0.8022196292877197,0.8022196292877197,0.19354450702667236,0.002484418684616685,0.0017514241626486182
/kaggle/input/datasets/lexuanhieu131297/acne-severity-classification/Classification/JPEGImages/levle3_114.jpg,Medium,r0f2,3,3,0.9926868677139282,0.00036502559669315815,0.004318530671298504,0.002629572991281748,0.9926868677139282
/kaggle/input/datasets/lexuanhieu131297/acne-severity-classification/Classification/JPEGImages/levle0_139.jpg,Deep,r0f2,0,0,0.9870036244392395,0.9870036244392395,0.012944738380610943,1.8246832041768357e-05,3.3430220355512574e-05
/kaggle/input/datasets/lexuanhieu131297/acne-severity-classification/Classification/JPEGImages/levle1_247.jpg,Medium,r0f2,1,1,0.9661728143692017,0.026620136573910713,0.9661728143692017,0.006657897029072046,0.0005491885240189731
/kaggle/input/datasets/lexuanhieu131297/acne-severity-classification/Classification/JPEGImages/levle2_95.jpg,Deep,r0f2,2,1,0.7095939517021179,0.05487855151295662,0.7095939517021179,0.031329989433288574,0.2041974514722824
/kaggle/input/datasets/lexuanhieu131297/acne-severity-classification/Classification/JPEGImages/levle0_215.jpg,Deep,r0f2,0,0,0.71492999792099,0.71492999792099,0.2824421226978302,0.0020637575071305037,0.00056419987231493
/kaggle/input/datasets/lexuanhieu131297/acne-severity-classification/Classification/JPEGImages/levle0_303.jpg,Deep,r0f2,0,0,0.9962249994277954,0.9962249994277954,0.0037525298539549112,8.109031114145182e-06,1.4399552128452342e-05
/kaggle/input/datasets/lexuanhieu131297/acne-severity-classification/Classification/JPEGImages/levle0_143.jpg,Medium,r0f2,0,0,0.9989638328552246,0.9989638328552246,0.0010307161137461662,1.901416112559673e-06,3.5384634884394472e-06
/kaggle/input/datasets/lexuanhieu131297/acne-severity-classification/Classification/JPEGImages/levle0_461.jpg,Deep,r0f2,0,0,0.8946158289909363,0.8946158289909363,0.10366048663854599,0.0012659813510254025,0.0004576134087983519
/kaggle/input/datasets/lexuanhieu131297/acne-severity-classification/Classification/JPEGImages/levle1_57.jpg,Medium,r0f2,1,1,0.5534781813621521,0.00016546229016967118,0.5534781813621521,0.4456016421318054,0.0007547007407993078
/kaggle/input/datasets/lexuanhieu131297/acne-severity-classification/Classification/JPEGImages/levle1_619.jpg,Deep,r0f2,1,1,0.9133305549621582,0.05630148947238922,0.9133305549621582,0.02948826737701893,0.0008796645561233163
/kaggle/input/datasets/lexuanhieu131297/acne-severity-classification/Classification/JPEGImages/levle1_571.jpg,Deep,r0f2,1,1,0.9784050583839417,0.009351466782391071,0.9784050583839417,0.010351128876209259,0.0018924586474895477
/kaggle/input/datasets/lexuanhieu131297/acne-severity-classification/Classification/JPEGImages/levle1_246.jpg,Deep,r0f2,1,1,0.9369191527366638,0.0009700090158730745,0.9369191527366638,0.06149550527334213,0.0006153722060844302
/kaggle/input/datasets/lexuanhieu131297/acne-severity-classification/Classification/JPEGImages/levle1_34.jpg,Medium,r0f2,1,1,0.980170726776123,0.005885504186153412,0.980170726776123,0.013354165479540825,0.0005896130460314453
/kaggle/input/datasets/lexuanhieu131297/acne-severity-classification/Classification/JPEGImages/levle1_271.jpg,Medium,r0f2,1,0,0.5200163722038269,0.5200163722038269,0.474405974149704,0.0038632801733911037,0.0017143201548606157
/kaggle/input/datasets/lexuanhieu131297/acne-severity-classification/Classification/JPEGImages/levle1_198.jpg,Medium,r0f2,1,1,0.6493765711784363,0.3405305743217468,0.6493765711784363,0.005751439835876226,0.004341414663940668
/kaggle/input/datasets/lexuanhieu131297/acne-severity-classification/Classification/JPEGImages/levle1_441.jpg,Deep,r0f2,1,1,0.9613575339317322,0.004976239521056414,0.9613575339317322,0.03240561857819557,0.0012606503441929817
/kaggle/input/datasets/lexuanhieu131297/acne-severity-classification/Classification/JPEGImages/levle3_53.jpg,Medium,r0f2,3,3,0.9938422441482544,0.00012312991020735353,0.0009799081599339843,0.005054750479757786,0.9938422441482544
/kaggle/input/datasets/lexuanhieu131297/acne-severity-classification/Classification/JPEGImages/levle1_422.jpg,Medium,r0f2,1,1,0.7972240447998047,0.006992286071181297,0.7972240447998047,0.19328069686889648,0.002502934541553259
/kaggle/input/datasets/lexuanhieu131297/acne-severity-classification/Classification/JPEGImages/levle1_347.jpg,Deep,r0f2,1,1,0.971577525138855,0.022944344207644463,0.971577525138855,0.0050933947786688805,0.00038478776696138084
/kaggle/input/datasets/lexuanhieu131297/acne-severity-classification/Classification/JPEGImages/levle0_247.jpg,Medium,r0f2,0,0,0.9933227896690369,0.9933227896690369,0.0066117518581449986,2.4044462406891398e-05,4.138313670409843e-05
/kaggle/input/datasets/lexuanhieu131297/acne-severity-classification/Classification/JPEGImages/levle0_440.jpg,Deep,r0f2,0,0,0.907016932964325,0.907016932964325,0.09256716817617416,0.00016159673396032304,0.00025422737235203385
/kaggle/input/datasets/lexuanhieu131297/acne-severity-classification/Classification/JPEGImages/levle0_205.jpg,Medium,r0f2,0,0,0.724541187286377,0.724541187286377,0.27339816093444824,0.0016256850212812424,0.0004349909140728414
/kaggle/input/datasets/lexuanhieu131297/acne-severity-classification/Classification/JPEGImages/levle0_406.jpg,Medium,r0f2,0,0,0.9565935730934143,0.9565935730934143,0.042900629341602325,0.00027287789271213114,0.00023294941638596356
/kaggle/input/datasets/lexuanhieu131297/acne-severity-classification/Classification/JPEGImages/levle3_37.jpg,Medium,r0f2,3,3,0.9357690215110779,0.0005841850070282817,0.0036349210422486067,0.06001187860965729,0.9357690215110779
/kaggle/input/datasets/lexuanhieu131297/acne-severity-classification/Classification/JPEGImages/levle0_531.jpg,Medium,r0f2,0,0,0.9796343445777893,0.9796343445777893,0.02033166214823723,2.036229125224054e-05,1.3617298463941552e-05
/kaggle/input/datasets/lexuanhieu131297/acne-severity-classification/Classification/JPEGImages/levle0_451.jpg,Deep,r0f2,0,1,0.8523673415184021,0.13900932669639587,0.8523673415184021,0.007705720607191324,0.0009176246821880341
/kaggle/input/datasets/lexuanhieu131297/acne-severity-classification/Classification/JPEGImages/levle0_31.jpg,Deep,r0f2,0,1,0.9927818775177002,0.006737663410604,0.9927818775177002,0.00042430555913597345,5.609329309663735e-05
/kaggle/input/datasets/lexuanhieu131297/acne-severity-classification/Classification/JPEGImages/levle2_18.jpg,Light,r0f2,2,2,0.7991530895233154,0.0003323376877233386,0.19795599579811096,0.7991530895233154,0.002558476524427533
/kaggle/input/datasets/lexuanhieu131297/acne-severity-classification/Classification/JPEGImages/levle1_516.jpg,Deep,r0f2,1,1,0.9356850981712341,0.034366413950920105,0.9356850981712341,0.028925297781825066,0.0010231842752546072
/kaggle/input/datasets/lexuanhieu131297/acne-severity-classification/Classification/JPEGImages/levle3_52.jpg,Medium,r0f2,3,3,0.9990704655647278,1.675148268986959e-05,0.00019283717847429216,0.0007199840038083494,0.9990704655647278
/kaggle/input/datasets/lexuanhieu131297/acne-severity-classification/Classification/JPEGImages/levle1_621.jpg,Medium,r0f2,1,0,0.7560647130012512,0.7560647130012512,0.2400064766407013,0.002977302297949791,0.0009516029385849833
/kaggle/input/datasets/lexuanhieu131297/acne-severity-classification/Classification/JPEGImages/levle3_62.jpg,Medium,r0f2,3,2,0.8697770237922668,0.001378465909510851,0.0143499244004488,0.8697770237922668,0.11449451744556427
/kaggle/input/datasets/lexuanhieu131297/acne-severity-classification/Classification/JPEGImages/levle0_423.jpg,Medium,r0f2,0,0,0.9944145679473877,0.9944145679473877,0.005557467229664326,1.273411362490151e-05,1.5240738321153913e-05
/kaggle/input/datasets/lexuanhieu131297/acne-severity-classification/Classification/JPEGImages/levle0_329.jpg,Deep,r0f2,0,1,0.5444130301475525,0.45487409830093384,0.5444130301475525,0.0005462990375235677,0.0001666118041612208
/kaggle/input/datasets/lexuanhieu131297/acne-severity-classification/Classification/JPEGImages/levle3_57.jpg,Deep,r0f2,3,3,0.9260467290878296,0.0004279440618120134,0.011945310048758984,0.06158005818724632,0.9260467290878296
/kaggle/input/datasets/lexuanhieu131297/acne-severity-classification/Classification/JPEGImages/levle1_568.jpg,Deep,r0f2,1,1,0.8519853949546814,0.14000262320041656,0.8519853949546814,0.0036276497412472963,0.004384336061775684
/kaggle/input/datasets/lexuanhieu131297/acne-severity-classification/Classification/JPEGImages/levle2_55.jpg,Medium,r0f2,2,2,0.6975663900375366,0.00032425325480289757,0.30001959204673767,0.6975663900375366,0.0020897635258734226
/kaggle/input/datasets/lexuanhieu131297/acne-severity-classification/Classification/JPEGImages/levle1_499.jpg,Medium,r0f2,1,1,0.9521652460098267,0.017887983471155167,0.9521652460098267,0.028823180124163628,0.001123614958487451
/kaggle/input/datasets/lexuanhieu131297/acne-severity-classification/Classification/JPEGImages/levle1_591.jpg,Deep,r0f2,1,2,0.7981365323066711,0.002259383909404278,0.18782344460487366,0.7981365323066711,0.011780662462115288
/kaggle/input/datasets/lexuanhieu131297/acne-severity-classification/Classification/JPEGImages/levle0_410.jpg,Deep,r0f2,0,0,0.8893882036209106,0.8893882036209106,0.11013056337833405,0.00038011607830412686,0.00010111492883879691
/kaggle/input/datasets/lexuanhieu131297/acne-severity-classification/Classification/JPEGImages/levle2_53.jpg,Medium,r0f2,2,2,0.9488461017608643,6.937762373127043e-05,0.036535654217004776,0.9488461017608643,0.014548854902386665
/kaggle/input/datasets/lexuanhieu131297/acne-severity-classification/Classification/JPEGImages/levle2_54.jpg,Deep,r0f2,2,1,0.8560600876808167,1.4751516573596746e-05,0.8560600876808167,0.1439027190208435,2.249337558168918e-05
/kaggle/input/datasets/lexuanhieu131297/acne-severity-classification/Classification/JPEGImages/levle1_70.jpg,Deep,r0f2,1,1,0.9506788849830627,0.006232842803001404,0.9506788849830627,0.041846469044685364,0.0012417868711054325
/kaggle/input/datasets/lexuanhieu131297/acne-severity-classification/Classification/JPEGImages/levle2_92.jpg,Deep,r0f2,2,2,0.7706461548805237,0.0010991035960614681,0.22713615000247955,0.7706461548805237,0.0011185945477336645
/kaggle/input/datasets/lexuanhieu131297/acne-severity-classification/Classification/JPEGImages/levle1_444.jpg,Medium,r0f2,1,0,0.900587797164917,0.900587797164917,0.09850990027189255,0.00043615183676593006,0.0004660983686335385
/kaggle/input/datasets/lexuanhieu131297/acne-severity-classification/Classification/JPEGImages/levle2_27.jpg,Deep,r0f2,2,2,0.6979864239692688,0.0008940830593928695,0.014946088194847107,0.6979864239692688,0.2861734628677368
/kaggle/input/datasets/lexuanhieu131297/acne-severity-classification/Classification/JPEGImages/levle1_375.jpg,Deep,r0f2,1,2,0.835969865322113,0.00358737469650805,0.1456604301929474,0.835969865322113,0.014782385900616646
/kaggle/input/datasets/lexuanhieu131297/acne-severity-classification/Classification/JPEGImages/levle0_18.jpg,Medium,r0f2,0,1,0.9662736654281616,0.03072143904864788,0.9662736654281616,0.002569623989984393,0.00043533864663913846
/kaggle/input/datasets/lexuanhieu131297/acne-severity-classification/Classification/JPEGImages/levle3_26.jpg,Light,r0f2,3,3,0.827608048915863,0.0018935655243694782,0.032089848071336746,0.13840852677822113,0.827608048915863
/kaggle/input/datasets/lexuanhieu131297/acne-severity-classification/Classification/JPEGImages/levle1_484.jpg,Deep,r0f2,1,1,0.9450215101242065,0.04246451333165169,0.9450215101242065,0.010642757639288902,0.0018712342716753483
/kaggle/input/datasets/lexuanhieu131297/acne-severity-classification/Classification/JPEGImages/levle1_37.jpg,Deep,r0f2,1,1,0.9976574182510376,0.0020183592569082975,0.9976574182510376,0.0003011765074916184,2.3043505279929377e-05
/kaggle/input/datasets/lexuanhieu131297/acne-severity-classification/Classification/JPEGImages/levle0_438.jpg,Medium,r0f2,0,0,0.6146091222763062,0.6146091222763062,0.3808748424053192,0.004133123438805342,0.00038294156547635794
/kaggle/input/datasets/lexuanhieu131297/acne-severity-classification/Classification/JPEGImages/levle1_125.jpg,Deep,r0f2,1,1,0.9560456871986389,0.003522919723764062,0.9560456871986389,0.03943182900547981,0.00099952460732311
/kaggle/input/datasets/lexuanhieu131297/acne-severity-classification/Classification/JPEGImages/levle1_488.jpg,Deep,r0f2,1,1,0.9734179377555847,0.020353641360998154,0.9734179377555847,0.006137436721473932,9.103327465709299e-05
/kaggle/input/datasets/lexuanhieu131297/acne-severity-classification/Classification/JPEGImages/levle1_16.jpg,Deep,r0f2,1,2,0.9633881449699402,5.57233470317442e-05,0.03569627180695534,0.9633881449699402,0.0008598236599937081
/kaggle/input/datasets/lexuanhieu131297/acne-severity-classification/Classification/JPEGImages/levle1_307.jpg,Medium,r0f2,1,0,0.8370842337608337,0.8370842337608337,0.16101334989070892,0.00137680908665061,0.0005256486474536359
/kaggle/input/datasets/lexuanhieu131297/acne-severity-classification/Classification/JPEGImages/levle0_357.jpg,Medium,r0f2,0,0,0.9976196885108948,0.9976196885108948,0.002364224987104535,5.780751052952837e-06,1.0265126547892578e-05
/kaggle/input/datasets/lexuanhieu131297/acne-severity-classification/Classification/JPEGImages/levle1_449.jpg,Deep,r0f2,1,1,0.8073979616165161,0.0013048425316810608,0.8073979616165161,0.18605518341064453,0.005242021754384041
/kaggle/input/datasets/lexuanhieu131297/acne-severity-classification/Classification/JPEGImages/levle0_311.jpg,Deep,r0f2,0,0,0.9776611328125,0.9776611328125,0.02208997868001461,8.292348502436653e-05,0.00016588217113167048
/kaggle/input/datasets/lexuanhieu131297/acne-severity-classification/Classification/JPEGImages/levle0_455.jpg,Medium,r0f2,0,0,0.9853148460388184,0.9853148460388184,0.014493828639388084,4.7991743485908955e-05,0.00014327687676995993
/kaggle/input/datasets/lexuanhieu131297/acne-severity-classification/Classification/JPEGImages/levle1_91.jpg,Deep,r0f2,1,1,0.8237391114234924,0.028491221368312836,0.8237391114234924,0.14400316774845123,0.003766546258702874
/kaggle/input/datasets/lexuanhieu131297/acne-severity-classification/Classification/JPEGImages/levle1_49.jpg,Deep,r0f2,1,2,0.72954922914505,0.0001861857163021341,0.2694365978240967,0.72954922914505,0.0008279329049400985
/kaggle/input/datasets/lexuanhieu131297/acne-severity-classification/Classification/JPEGImages/levle1_491.jpg,Deep,r0f2,1,1,0.9651579856872559,0.03187721222639084,0.9651579856872559,0.0026845852844417095,0.0002802034141495824
/kaggle/input/datasets/lexuanhieu131297/acne-severity-classification/Classification/JPEGImages/levle0_503.jpg,Medium,r0f2,0,0,0.7788569331169128,0.7788569331169128,0.21861663460731506,0.0015818716492503881,0.0009445786126889288
/kaggle/input/datasets/lexuanhieu131297/acne-severity-classification/Classification/JPEGImages/levle0_427.jpg,Deep,r0f2,0,0,0.8675467371940613,0.8675467371940613,0.13110794126987457,0.001031789230182767,0.00031345110619440675
/kaggle/input/datasets/lexuanhieu131297/acne-severity-classification/Classification/JPEGImages/levle2_175.jpg,Deep,r0f2,2,2,0.9989104270935059,7.104692372195132e-07,0.0009494893020018935,0.9989104270935059,0.00013941669021733105
/kaggle/input/datasets/lexuanhieu131297/acne-severity-classification/Classification/JPEGImages/levle1_426.jpg,Medium,r0f2,1,1,0.9625530242919922,0.005397821310907602,0.9625530242919922,0.03109266236424446,0.0009565009968355298
/kaggle/input/datasets/lexuanhieu131297/acne-severity-classification/Classification/JPEGImages/levle0_145.jpg,Medium,r0f2,0,0,0.961451530456543,0.961451530456543,0.03846290335059166,4.793996413354762e-05,3.762850974453613e-05
/kaggle/input/datasets/lexuanhieu131297/acne-severity-classification/Classification/JPEGImages/levle0_179.jpg,Deep,r0f2,0,0,0.6914482712745667,0.6914482712745667,0.30473798513412476,0.0028928027022629976,0.0009209906565956771
/kaggle/input/datasets/lexuanhieu131297/acne-severity-classification/Classification/JPEGImages/levle1_234.jpg,Deep,r0f2,1,2,0.6551846265792847,0.003465058980509639,0.33957353234291077,0.6551846265792847,0.0017767054960131645
/kaggle/input/datasets/lexuanhieu131297/acne-severity-classification/Classification/JPEGImages/levle2_120.jpg,Deep,r0f2,2,2,0.9561614394187927,0.00010352599201723933,0.0418674536049366,0.9561614394187927,0.001867583836428821
/kaggle/input/datasets/lexuanhieu131297/acne-severity-classification/Classification/JPEGImages/levle0_508.jpg,Deep,r0f2,0,0,0.9514204263687134,0.9514204263687134,0.047973617911338806,0.00035884795943275094,0.0002471145417075604
/kaggle/input/datasets/lexuanhieu131297/acne-severity-classification/Classification/JPEGImages/levle0_294.jpg,Deep,r0f2,0,0,0.5949866771697998,0.5949866771697998,0.40416380763053894,0.0005217725411057472,0.00032779487082734704
/kaggle/input/datasets/lexuanhieu131297/acne-severity-classification/Classification/JPEGImages/levle0_27.jpg,Deep,r0f2,0,0,0.9802500009536743,0.9802500009536743,0.019680030643939972,4.830785474041477e-05,2.1689167624572292e-05
/kaggle/input/datasets/lexuanhieu131297/acne-severity-classification/Classification/JPEGImages/levle1_456.jpg,Deep,r0f2,1,1,0.9954097867012024,0.002766028046607971,0.9954097867012024,0.0017946232110261917,2.9521785108954646e-05
/kaggle/input/datasets/lexuanhieu131297/acne-severity-classification/Classification/JPEGImages/levle0_234.jpg,Medium,r0f2,0,0,0.9528078436851501,0.9528078436851501,0.04651998355984688,0.00044463187805376947,0.00022753971279598773
/kaggle/input/datasets/lexuanhieu131297/acne-severity-classification/Classification/JPEGImages/levle1_535.jpg,Deep,r0f2,1,1,0.9637635946273804,0.0345439612865448,0.9637635946273804,0.0015514739789068699,0.00014096662926021963
/kaggle/input/datasets/lexuanhieu131297/acne-severity-classification/Classification/JPEGImages/levle0_68.jpg,Deep,r0f2,0,1,0.8935834169387817,0.10243454575538635,0.8935834169387817,0.0036376339849084616,0.0003443528257776052
/kaggle/input/datasets/lexuanhieu131297/acne-severity-classification/Classification/JPEGImages/levle3_70.jpg,Deep,r0f2,3,3,0.9449806213378906,0.012588768266141415,0.02709655463695526,0.015333971008658409,0.9449806213378906
/kaggle/input/datasets/lexuanhieu131297/acne-severity-classification/Classification/JPEGImages/levle1_414.jpg,Deep,r0f2,1,0,0.670774519443512,0.670774519443512,0.32595303654670715,0.0017907809233292937,0.0014817126793786883
/kaggle/input/datasets/lexuanhieu131297/acne-severity-classification/Classification/JPEGImages/levle1_529.jpg,Medium,r0f2,1,0,0.9938609600067139,0.9938609600067139,0.006115197669714689,9.166931704385206e-06,1.4706048204971012e-05
/kaggle/input/datasets/lexuanhieu131297/acne-severity-classification/Classification/JPEGImages/levle0_137.jpg,Medium,r0f2,0,0,0.9537084698677063,0.9537084698677063,0.04588684067130089,0.00019404951308388263,0.00021063875465188175
/kaggle/input/datasets/lexuanhieu131297/acne-severity-classification/Classification/JPEGImages/levle0_287.jpg,Deep,r0f2,0,0,0.9973351359367371,0.9973351359367371,0.0026600079145282507,1.989418251469033e-06,2.783696345431963e-06
/kaggle/input/datasets/lexuanhieu131297/acne-severity-classification/Classification/JPEGImages/levle0_392.jpg,Medium,r0f2,0,0,0.8974717259407043,0.8974717259407043,0.10108763724565506,0.0006837890250608325,0.000756885448936373
/kaggle/input/datasets/lexuanhieu131297/acne-severity-classification/Classification/JPEGImages/levle0_442.jpg,Medium,r0f2,0,1,0.6707382798194885,0.3275308310985565,0.6707382798194885,0.0012772472109645605,0.0004536410269793123
/kaggle/input/datasets/lexuanhieu131297/acne-severity-classification/Classification/JPEGImages/levle2_37.jpg,Deep,r0f2,2,2,0.981848955154419,4.2190987414869596e-07,0.0006010963697917759,0.981848955154419,0.017549464479088783
/kaggle/input/datasets/lexuanhieu131297/acne-severity-classification/Classification/JPEGImages/levle2_150.jpg,Deep,r0f2,2,2,0.9633881449699402,5.57233470317442e-05,0.03569627180695534,0.9633881449699402,0.0008598236599937081
/kaggle/input/datasets/lexuanhieu131297/acne-severity-classification/Classification/JPEGImages/levle2_143.jpg,Deep,r0f2,2,2,0.9880731701850891,3.3922071906999918e-06,0.011856844648718834,0.9880731701850891,6.655597098870203e-05
/kaggle/input/datasets/lexuanhieu131297/acne-severity-classification/Classification/JPEGImages/levle1_384.jpg,Deep,r0f2,1,1,0.6004810929298401,0.39573270082473755,0.6004810929298401,0.0027430192567408085,0.0010431682458147407
/kaggle/input/datasets/lexuanhieu131297/acne-severity-classification/Classification/JPEGImages/levle0_194.jpg,Deep,r0f2,0,1,0.9288831353187561,0.039095766842365265,0.9288831353187561,0.030388401821255684,0.001632696483284235
/kaggle/input/datasets/lexuanhieu131297/acne-severity-classification/Classification/JPEGImages/levle0_42.jpg,Deep,r0f2,0,0,0.9989896416664124,0.9989896416664124,0.0009972024708986282,2.945046617242042e-06,1.0199230018770322e-05
/kaggle/input/datasets/lexuanhieu131297/acne-severity-classification/Classification/JPEGImages/levle1_58.jpg,Medium,r0f2,1,1,0.9459558725357056,0.04488210380077362,0.9459558725357056,0.007606124505400658,0.0015558775048702955
/kaggle/input/datasets/lexuanhieu131297/acne-severity-classification/Classification/JPEGImages/levle1_582.jpg,Medium,r0f2,1,1,0.9752975106239319,0.0016389744123443961,0.9752975106239319,0.022876331582665443,0.0001871488057076931
/kaggle/input/datasets/lexuanhieu131297/acne-severity-classification/Classification/JPEGImages/levle0_219.jpg,Medium,r0f2,0,0,0.9034843444824219,0.9034843444824219,0.09531958401203156,0.0008533504442311823,0.00034277045051567256
/kaggle/input/datasets/lexuanhieu131297/acne-severity-classification/Classification/JPEGImages/levle2_145.jpg,Deep,r0f2,2,2,0.9941042065620422,1.9446190435701283e-06,0.005782692227512598,0.9941042065620422,0.00011126791650895029
/kaggle/input/datasets/lexuanhieu131297/acne-severity-classification/Classification/JPEGImages/levle2_172.jpg,Medium,r0f2,2,2,0.614685595035553,0.0052663907408714294,0.3702857196331024,0.614685595035553,0.009762345813214779
/kaggle/input/datasets/lexuanhieu131297/acne-severity-classification/Classification/JPEGImages/levle3_45.jpg,Medium,r0f2,3,2,0.582153856754303,0.000483821815578267,0.04296085983514786,0.582153856754303,0.3744014501571655
/kaggle/input/datasets/lexuanhieu131297/acne-severity-classification/Classification/JPEGImages/levle1_527.jpg,Medium,r0f2,1,0,0.7466149926185608,0.7466149926185608,0.21903496980667114,0.008094101212918758,0.026255972683429718
/kaggle/input/datasets/lexuanhieu131297/acne-severity-classification/Classification/JPEGImages/levle2_67.jpg,Deep,r0f2,2,1,0.9634690284729004,3.542288322933018e-05,0.9634690284729004,0.03649235889315605,3.2564555567660136e-06
/kaggle/input/datasets/lexuanhieu131297/acne-severity-classification/Classification/JPEGImages/levle1_580.jpg,Deep,r0f2,1,1,0.9914582371711731,0.0054978253319859505,0.9914582371711731,0.002892909338697791,0.0001510890870122239
/kaggle/input/datasets/lexuanhieu131297/acne-severity-classification/Classification/JPEGImages/levle1_170.jpg,Deep,r0f2,1,1,0.7879295349121094,0.2015681266784668,0.7879295349121094,0.008095300756394863,0.0024070285726338625
/kaggle/input/datasets/lexuanhieu131297/acne-severity-classification/Classification/JPEGImages/levle1_291.jpg,Medium,r0f2,1,1,0.9788954257965088,0.01832069270312786,0.9788954257965088,0.002523097675293684,0.00026078891823999584
/kaggle/input/datasets/lexuanhieu131297/acne-severity-classification/Classification/JPEGImages/levle2_134.jpg,Medium,r0f3,2,2,0.9915103912353516,9.621651770430617e-06,0.00805212464183569,0.9915103912353516,0.0004279206332284957
/kaggle/input/datasets/lexuanhieu131297/acne-severity-classification/Classification/JPEGImages/levle1_97.jpg,Deep,r0f3,1,1,0.8949050307273865,0.029971091076731682,0.8949050307273865,0.07239007204771042,0.002733825705945492
/kaggle/input/datasets/lexuanhieu131297/acne-severity-classification/Classification/JPEGImages/levle1_141.jpg,Deep,r0f3,1,1,0.8554165959358215,0.13950662314891815,0.8554165959358215,0.004695058334618807,0.00038164856960065663
/kaggle/input/datasets/lexuanhieu131297/acne-severity-classification/Classification/JPEGImages/levle1_95.jpg,Deep,r0f3,1,1,0.8417837023735046,0.018416693434119225,0.8417837023735046,0.1355845332145691,0.004214994143694639
/kaggle/input/datasets/lexuanhieu131297/acne-severity-classification/Classification/JPEGImages/levle3_85.jpg,Light,r0f3,3,3,0.8661150932312012,0.0011949212057515979,0.007334091234952211,0.12535585463047028,0.8661150932312012
/kaggle/input/datasets/lexuanhieu131297/acne-severity-classification/Classification/JPEGImages/levle3_142.jpg,Deep,r0f3,3,3,0.9972662925720215,4.253269435139373e-05,0.0005031942273490131,0.002187911653891206,0.9972662925720215
/kaggle/input/datasets/lexuanhieu131297/acne-severity-classification/Classification/JPEGImages/levle3_83.jpg,Deep,r0f3,3,3,0.5814030766487122,0.00034973787842318416,0.005567837972193956,0.4126793146133423,0.5814030766487122
/kaggle/input/datasets/lexuanhieu131297/acne-severity-classification/Classification/JPEGImages/levle0_107.jpg,Deep,r0f3,0,0,0.9566152691841125,0.9566152691841125,0.042859725654125214,0.0003272380563430488,0.0001977060892386362
/kaggle/input/datasets/lexuanhieu131297/acne-severity-classification/Classification/JPEGImages/levle1_553.jpg,Medium,r0f3,1,0,0.9604771733283997,0.9604771733283997,0.039373550564050674,9.865133324638009e-05,5.058337774244137e-05
/kaggle/input/datasets/lexuanhieu131297/acne-severity-classification/Classification/JPEGImages/levle1_460.jpg,Deep,r0f3,1,1,0.9692928194999695,0.0019533296581357718,0.9692928194999695,0.028508424758911133,0.00024544476764276624
/kaggle/input/datasets/lexuanhieu131297/acne-severity-classification/Classification/JPEGImages/levle0_183.jpg,Deep,r0f3,0,0,0.9088929891586304,0.9088929891586304,0.0880797877907753,0.0021836054511368275,0.000843500776682049
/kaggle/input/datasets/lexuanhieu131297/acne-severity-classification/Classification/JPEGImages/levle1_352.jpg,Medium,r0f3,1,1,0.9908041954040527,0.0021484096068888903,0.9908041954040527,0.007013475056737661,3.395452949916944e-05
/kaggle/input/datasets/lexuanhieu131297/acne-severity-classification/Classification/JPEGImages/levle0_474.jpg,Medium,r0f3,0,1,0.7912015318870544,0.17367663979530334,0.7912015318870544,0.033431220799684525,0.001690653502009809
/kaggle/input/datasets/lexuanhieu131297/acne-severity-classification/Classification/JPEGImages/levle1_497.jpg,Medium,r0f3,1,1,0.9921370148658752,0.0028058236930519342,0.9921370148658752,0.004997039679437876,6.0140231653349474e-05
/kaggle/input/datasets/lexuanhieu131297/acne-severity-classification/Classification/JPEGImages/levle0_281.jpg,Medium,r0f3,0,0,0.955504834651947,0.955504834651947,0.04226992279291153,0.0015532737597823143,0.0006719806115143001
/kaggle/input/datasets/lexuanhieu131297/acne-severity-classification/Classification/JPEGImages/levle1_526.jpg,Medium,r0f3,1,1,0.9229709506034851,0.07257561385631561,0.9229709506034851,0.004134616814553738,0.00031882739858701825
/kaggle/input/datasets/lexuanhieu131297/acne-severity-classification/Classification/JPEGImages/levle3_0.jpg,Deep,r0f3,3,3,0.9951714873313904,6.573754944838583e-05,0.0006033317768014967,0.004159421660006046,0.9951714873313904
/kaggle/input/datasets/lexuanhieu131297/acne-severity-classification/Classification/JPEGImages/levle3_5.jpg,Light,r0f3,3,3,0.99044269323349,5.574295573751442e-05,0.0005146089242771268,0.00898682326078415,0.99044269323349
/kaggle/input/datasets/lexuanhieu131297/acne-severity-classification/Classification/JPEGImages/levle1_443.jpg,Deep,r0f3,1,1,0.9007858633995056,0.006225527264177799,0.9007858633995056,0.08490064740180969,0.008087963797152042
/kaggle/input/datasets/lexuanhieu131297/acne-severity-classification/Classification/JPEGImages/levle0_391.jpg,Deep,r0f3,0,0,0.9471067786216736,0.9471067786216736,0.051687128841876984,0.00074742641299963,0.00045868082088418305
/kaggle/input/datasets/lexuanhieu131297/acne-severity-classification/Classification/JPEGImages/levle1_27.jpg,Deep,r0f3,1,1,0.7453030347824097,0.22586631774902344,0.7453030347824097,0.021225370466709137,0.007605182938277721
/kaggle/input/datasets/lexuanhieu131297/acne-severity-classification/Classification/JPEGImages/levle2_6.jpg,Light,r0f3,2,2,0.9170954823493958,0.00016726707690395415,0.02090444043278694,0.9170954823493958,0.061832815408706665
/kaggle/input/datasets/lexuanhieu131297/acne-severity-classification/Classification/JPEGImages/levle1_545.jpg,Deep,r0f3,1,1,0.8661631941795349,0.12600719928741455,0.8661631941795349,0.007039755582809448,0.0007898386102169752
/kaggle/input/datasets/lexuanhieu131297/acne-severity-classification/Classification/JPEGImages/levle1_251.jpg,Medium,r0f3,1,0,0.8692255616188049,0.8692255616188049,0.12995809316635132,0.0005787697737105191,0.0002375266485614702
/kaggle/input/datasets/lexuanhieu131297/acne-severity-classification/Classification/JPEGImages/levle1_521.jpg,Deep,r0f3,1,1,0.6511374115943909,0.3434605896472931,0.6511374115943909,0.004244048148393631,0.001157994382083416
/kaggle/input/datasets/lexuanhieu131297/acne-severity-classification/Classification/JPEGImages/levle0_463.jpg,Medium,r0f3,0,0,0.737191915512085,0.737191915512085,0.2597915232181549,0.00213634897954762,0.000880187435541302
/kaggle/input/datasets/lexuanhieu131297/acne-severity-classification/Classification/JPEGImages/levle2_131.jpg,Medium,r0f3,2,2,0.9860275983810425,4.012760837213136e-05,0.013476666994392872,0.9860275983810425,0.0004556623753160238
/kaggle/input/datasets/lexuanhieu131297/acne-severity-classification/Classification/JPEGImages/levle1_178.jpg,Deep,r0f3,1,1,0.6890201568603516,0.2747432291507721,0.6890201568603516,0.03373948857188225,0.0024971580132842064
/kaggle/input/datasets/lexuanhieu131297/acne-severity-classification/Classification/JPEGImages/levle1_67.jpg,Medium,r0f3,1,1,0.9851188063621521,0.0073078833520412445,0.9851188063621521,0.007311452180147171,0.0002619348233565688
/kaggle/input/datasets/lexuanhieu131297/acne-severity-classification/Classification/JPEGImages/levle0_260.jpg,Deep,r0f3,0,1,0.5806854367256165,0.4129757583141327,0.5806854367256165,0.004390501882880926,0.0019482736242935061
/kaggle/input/datasets/lexuanhieu131297/acne-severity-classification/Classification/JPEGImages/levle1_487.jpg,Deep,r0f3,1,1,0.8399069905281067,0.012666430324316025,0.8399069905281067,0.1470268815755844,0.0003996766172349453
/kaggle/input/datasets/lexuanhieu131297/acne-severity-classification/Classification/JPEGImages/levle2_68.jpg,Deep,r0f3,2,1,0.9746735692024231,0.00023140160192269832,0.9746735692024231,0.025076881051063538,1.81602099473821e-05
/kaggle/input/datasets/lexuanhieu131297/acne-severity-classification/Classification/JPEGImages/levle3_46.jpg,Deep,r0f3,3,3,0.9931352138519287,2.4039922209340148e-05,0.00026561811682768166,0.006575093138962984,0.9931352138519287
/kaggle/input/datasets/lexuanhieu131297/acne-severity-classification/Classification/JPEGImages/levle1_9.jpg,Medium,r0f3,1,1,0.4004645347595215,0.12082979828119278,0.4004645347595215,0.38446536660194397,0.09424030035734177
/kaggle/input/datasets/lexuanhieu131297/acne-severity-classification/Classification/JPEGImages/levle2_168.jpg,Deep,r0f3,2,2,0.9957037568092346,3.6751309380633757e-05,0.002723948797211051,0.9957037568092346,0.0015354760689660907
/kaggle/input/datasets/lexuanhieu131297/acne-severity-classification/Classification/JPEGImages/levle0_299.jpg,Deep,r0f3,0,0,0.9798293113708496,0.9798293113708496,0.020000891759991646,0.00011720020847860724,5.26203220942989e-05
/kaggle/input/datasets/lexuanhieu131297/acne-severity-classification/Classification/JPEGImages/levle3_96.jpg,Deep,r0f3,3,3,0.9886852502822876,0.00021879073756281286,0.002183964243158698,0.008911937475204468,0.9886852502822876
/kaggle/input/datasets/lexuanhieu131297/acne-severity-classification/Classification/JPEGImages/levle0_41.jpg,Medium,r0f3,0,0,0.9922389984130859,0.9922389984130859,0.007706420961767435,3.012560773640871e-05,2.4396460503339767e-05
/kaggle/input/datasets/lexuanhieu131297/acne-severity-classification/Classification/JPEGImages/levle1_603.jpg,Medium,r0f3,1,2,0.966748833656311,0.00011563560838112608,0.032329801470041275,0.966748833656311,0.0008058117819018662
/kaggle/input/datasets/lexuanhieu131297/acne-severity-classification/Classification/JPEGImages/levle0_495.jpg,Medium,r0f3,0,0,0.9213350415229797,0.9213350415229797,0.07704412937164307,0.0010579070076346397,0.000562948698643595
/kaggle/input/datasets/lexuanhieu131297/acne-severity-classification/Classification/JPEGImages/levle1_626.jpg,Medium,r0f3,1,1,0.890140950679779,0.0005149433272890747,0.890140950679779,0.10904605686664581,0.000298026337986812
/kaggle/input/datasets/lexuanhieu131297/acne-severity-classification/Classification/JPEGImages/levle0_86.jpg,Deep,r0f3,0,0,0.5269905924797058,0.5269905924797058,0.47146958112716675,0.0011064616264775395,0.00043329657637514174
/kaggle/input/datasets/lexuanhieu131297/acne-severity-classification/Classification/JPEGImages/levle0_67.jpg,Deep,r0f3,0,0,0.8815220594406128,0.8815220594406128,0.11814166605472565,0.0002671586989890784,6.915015546837822e-05
/kaggle/input/datasets/lexuanhieu131297/acne-severity-classification/Classification/JPEGImages/levle0_379.jpg,Medium,r0f3,0,0,0.9943616390228271,0.9943616390228271,0.0055680363439023495,3.7572128348983824e-05,3.2770993129815906e-05
/kaggle/input/datasets/lexuanhieu131297/acne-severity-classification/Classification/JPEGImages/levle1_35.jpg,Deep,r0f3,1,2,0.8957463502883911,0.0006262737442739308,0.09966917335987091,0.8957463502883911,0.0039581721648573875
/kaggle/input/datasets/lexuanhieu131297/acne-severity-classification/Classification/JPEGImages/levle0_131.jpg,Medium,r0f3,0,0,0.9522121548652649,0.9522121548652649,0.047084879130125046,0.00045135142863728106,0.00025170602020807564
/kaggle/input/datasets/lexuanhieu131297/acne-severity-classification/Classification/JPEGImages/levle2_154.jpg,Deep,r0f3,2,2,0.9316527843475342,3.2812487916089594e-05,0.06801801919937134,0.9316527843475342,0.0002964804007206112
/kaggle/input/datasets/lexuanhieu131297/acne-severity-classification/Classification/JPEGImages/levle2_83.jpg,Deep,r0f3,2,2,0.9899279475212097,5.213439726503566e-05,0.007503037806600332,0.9899279475212097,0.002516886917874217
/kaggle/input/datasets/lexuanhieu131297/acne-severity-classification/Classification/JPEGImages/levle2_125.jpg,Deep,r0f3,2,2,0.9401189684867859,0.0005961429560557008,0.04951223358511925,0.9401189684867859,0.0097727719694376
/kaggle/input/datasets/lexuanhieu131297/acne-severity-classification/Classification/JPEGImages/levle3_20.jpg,Medium,r0f3,3,3,0.9329395294189453,6.24750682618469e-05,0.00033380225067958236,0.06666423380374908,0.9329395294189453
/kaggle/input/datasets/lexuanhieu131297/acne-severity-classification/Classification/JPEGImages/levle0_283.jpg,Deep,r0f3,0,0,0.9321265816688538,0.9321265816688538,0.067259781062603,0.00040782938594929874,0.00020587211474776268
/kaggle/input/datasets/lexuanhieu131297/acne-severity-classification/Classification/JPEGImages/levle2_9.jpg,Medium,r0f3,2,2,0.7521231174468994,0.0025013869162648916,0.05275578796863556,0.7521231174468994,0.19261962175369263
/kaggle/input/datasets/lexuanhieu131297/acne-severity-classification/Classification/JPEGImages/levle1_51.jpg,Medium,r0f3,1,1,0.988318145275116,0.004857748281210661,0.988318145275116,0.006530433893203735,0.00029373151483014226
/kaggle/input/datasets/lexuanhieu131297/acne-severity-classification/Classification/JPEGImages/levle1_41.jpg,Deep,r0f3,1,1,0.9961417317390442,0.0007442865171469748,0.9961417317390442,0.003081970615312457,3.206916153430939e-05
/kaggle/input/datasets/lexuanhieu131297/acne-severity-classification/Classification/JPEGImages/levle1_552.jpg,Medium,r0f3,1,0,0.6935393810272217,0.6935393810272217,0.30268919467926025,0.00342554715462029,0.0003458647115621716
/kaggle/input/datasets/lexuanhieu131297/acne-severity-classification/Classification/JPEGImages/levle1_618.jpg,Deep,r0f3,1,1,0.9702660441398621,0.009498230181634426,0.9702660441398621,0.020154442638158798,8.133747178362682e-05
/kaggle/input/datasets/lexuanhieu131297/acne-severity-classification/Classification/JPEGImages/levle0_337.jpg,Medium,r0f3,0,1,0.8673610091209412,0.10748168081045151,0.8673610091209412,0.02331843599677086,0.001838969299569726
/kaggle/input/datasets/lexuanhieu131297/acne-severity-classification/Classification/JPEGImages/levle0_395.jpg,Deep,r0f3,0,0,0.5844644904136658,0.5844644904136658,0.4120261073112488,0.0025776238180696964,0.000931731890887022
/kaggle/input/datasets/lexuanhieu131297/acne-severity-classification/Classification/JPEGImages/levle1_283.jpg,Medium,r0f3,1,0,0.6368768811225891,0.6368768811225891,0.3537837266921997,0.006530596408993006,0.0028087745886296034
/kaggle/input/datasets/lexuanhieu131297/acne-severity-classification/Classification/JPEGImages/levle1_501.jpg,Deep,r0f3,1,1,0.9834430813789368,0.0040664831176400185,0.9834430813789368,0.011778255924582481,0.0007121910457499325
/kaggle/input/datasets/lexuanhieu131297/acne-severity-classification/Classification/JPEGImages/levle2_86.jpg,Deep,r0f3,2,1,0.9244378805160522,0.034996919333934784,0.9244378805160522,0.037988800555467606,0.002576349303126335
/kaggle/input/datasets/lexuanhieu131297/acne-severity-classification/Classification/JPEGImages/levle1_134.jpg,Deep,r0f3,1,2,0.6925948262214661,0.004607797134667635,0.1139775887131691,0.6925948262214661,0.1888197809457779
/kaggle/input/datasets/lexuanhieu131297/acne-severity-classification/Classification/JPEGImages/levle1_204.jpg,Deep,r0f3,1,1,0.6994710564613342,0.20005960762500763,0.6994710564613342,0.09657732397317886,0.0038919802755117416
/kaggle/input/datasets/lexuanhieu131297/acne-severity-classification/Classification/JPEGImages/levle0_220.jpg,Medium,r0f3,0,0,0.9649774432182312,0.9649774432182312,0.03477374091744423,0.00015715046902187169,9.166506060864776e-05
/kaggle/input/datasets/lexuanhieu131297/acne-severity-classification/Classification/JPEGImages/levle1_386.jpg,Deep,r0f3,1,0,0.5932195782661438,0.5932195782661438,0.40296345949172974,0.002993676345795393,0.0008232351392507553
/kaggle/input/datasets/lexuanhieu131297/acne-severity-classification/Classification/JPEGImages/levle1_555.jpg,Medium,r0f3,1,1,0.952379047870636,0.027779411524534225,0.952379047870636,0.01906454563140869,0.0007769610965624452
/kaggle/input/datasets/lexuanhieu131297/acne-severity-classification/Classification/JPEGImages/levle3_73.jpg,Deep,r0f3,3,3,0.9741750955581665,6.310595199465752e-05,0.0006486499332822859,0.0251130573451519,0.9741750955581665
/kaggle/input/datasets/lexuanhieu131297/acne-severity-classification/Classification/JPEGImages/levle1_489.jpg,Deep,r0f3,1,2,0.7375655770301819,0.0006417734548449516,0.2604313790798187,0.7375655770301819,0.0013612904585897923
/kaggle/input/datasets/lexuanhieu131297/acne-severity-classification/Classification/JPEGImages/levle3_111.jpg,Deep,r0f3,3,1,0.366757869720459,0.005481247790157795,0.366757869720459,0.2771138846874237,0.3506470024585724
/kaggle/input/datasets/lexuanhieu131297/acne-severity-classification/Classification/JPEGImages/levle0_3.jpg,Light,r0f3,0,0,0.953062117099762,0.953062117099762,0.046396274119615555,0.0004370009701233357,0.00010461091005709022
/kaggle/input/datasets/lexuanhieu131297/acne-severity-classification/Classification/JPEGImages/levle0_168.jpg,Medium,r0f3,0,0,0.9966650605201721,0.9966650605201721,0.0032816629391163588,2.7019130357075483e-05,2.62903340626508e-05
/kaggle/input/datasets/lexuanhieu131297/acne-severity-classification/Classification/JPEGImages/levle1_620.jpg,Medium,r0f3,1,0,0.8379920721054077,0.8379920721054077,0.16118796169757843,0.0006044922629371285,0.00021553836995735765
/kaggle/input/datasets/lexuanhieu131297/acne-severity-classification/Classification/JPEGImages/levle0_43.jpg,Deep,r0f3,0,0,0.9824681878089905,0.9824681878089905,0.017440898343920708,5.464994683279656e-05,3.6262783396523446e-05
/kaggle/input/datasets/lexuanhieu131297/acne-severity-classification/Classification/JPEGImages/levle1_123.jpg,Deep,r0f3,1,1,0.797677755355835,0.1782468855381012,0.797677755355835,0.02293987199664116,0.001135436468757689
/kaggle/input/datasets/lexuanhieu131297/acne-severity-classification/Classification/JPEGImages/levle3_116.jpg,Deep,r0f3,3,2,0.5824960470199585,0.0053202565759420395,0.14517183601856232,0.5824960470199585,0.2670118510723114
/kaggle/input/datasets/lexuanhieu131297/acne-severity-classification/Classification/JPEGImages/levle2_82.jpg,Deep,r0f3,2,2,0.8839402794837952,0.00011749120312742889,0.007602902129292488,0.8839402794837952,0.1083393469452858
/kaggle/input/datasets/lexuanhieu131297/acne-severity-classification/Classification/JPEGImages/levle0_250.jpg,Medium,r0f3,0,0,0.9974259734153748,0.9974259734153748,0.0025319296400994062,1.970558332686778e-05,2.2329353669192642e-05
/kaggle/input/datasets/lexuanhieu131297/acne-severity-classification/Classification/JPEGImages/levle0_267.jpg,Medium,r0f3,0,0,0.9395372867584229,0.9395372867584229,0.059247031807899475,0.0007130482117645442,0.0005026729195378721
/kaggle/input/datasets/lexuanhieu131297/acne-severity-classification/Classification/JPEGImages/levle3_27.jpg,Light,r0f3,3,3,0.9493190050125122,3.3894943044288084e-05,0.0006534396670758724,0.04999370872974396,0.9493190050125122
/kaggle/input/datasets/lexuanhieu131297/acne-severity-classification/Classification/JPEGImages/levle0_101.jpg,Medium,r0f3,0,0,0.9989808201789856,0.9989808201789856,0.0010094409808516502,4.970663667336339e-06,4.687782166001853e-06
/kaggle/input/datasets/lexuanhieu131297/acne-severity-classification/Classification/JPEGImages/levle0_424.jpg,Medium,r0f3,0,0,0.9734660387039185,0.9734660387039185,0.026505369693040848,1.9920378690585494e-05,8.63484456203878e-06
/kaggle/input/datasets/lexuanhieu131297/acne-severity-classification/Classification/JPEGImages/levle1_446.jpg,Deep,r0f3,1,2,0.7650044560432434,0.0015147830126807094,0.23059500753879547,0.7650044560432434,0.002885804045945406
/kaggle/input/datasets/lexuanhieu131297/acne-severity-classification/Classification/JPEGImages/levle1_363.jpg,Deep,r0f3,1,1,0.8824087977409363,0.10398303717374802,0.8824087977409363,0.01112960372120142,0.0024785050190985203
/kaggle/input/datasets/lexuanhieu131297/acne-severity-classification/Classification/JPEGImages/levle0_399.jpg,Medium,r0f3,0,0,0.9901608228683472,0.9901608228683472,0.009636357426643372,0.0001398245367454365,6.290088640525937e-05
/kaggle/input/datasets/lexuanhieu131297/acne-severity-classification/Classification/JPEGImages/levle2_71.jpg,Deep,r0f3,2,2,0.9067455530166626,0.0007587556028738618,0.039742473512887955,0.9067455530166626,0.052753154188394547
/kaggle/input/datasets/lexuanhieu131297/acne-severity-classification/Classification/JPEGImages/levle0_186.jpg,Deep,r0f3,0,1,0.6175400018692017,0.3797130286693573,0.6175400018692017,0.0020239290315657854,0.0007230649935081601
/kaggle/input/datasets/lexuanhieu131297/acne-severity-classification/Classification/JPEGImages/levle1_210.jpg,Deep,r0f3,1,1,0.9986496567726135,0.001100601744838059,0.9986496567726135,0.00024319089425262064,6.557212145708036e-06
/kaggle/input/datasets/lexuanhieu131297/acne-severity-classification/Classification/JPEGImages/levle1_80.jpg,Deep,r0f3,1,1,0.9863529205322266,0.004967907443642616,0.9863529205322266,0.0086131626740098,6.592305726371706e-05
/kaggle/input/datasets/lexuanhieu131297/acne-severity-classification/Classification/JPEGImages/levle0_91.jpg,Deep,r0f3,0,0,0.9971147775650024,0.9971147775650024,0.0028783283196389675,3.629822231232538e-06,3.1536444566881983e-06
/kaggle/input/datasets/lexuanhieu131297/acne-severity-classification/Classification/JPEGImages/levle0_296.jpg,Deep,r0f3,0,0,0.9764585494995117,0.9764585494995117,0.023268859833478928,0.00016665173461660743,0.00010593030310701579
/kaggle/input/datasets/lexuanhieu131297/acne-severity-classification/Classification/JPEGImages/levle1_419.jpg,Medium,r0f3,1,1,0.97580885887146,0.018525633960962296,0.97580885887146,0.005236888770014048,0.00042861251858994365
/kaggle/input/datasets/lexuanhieu131297/acne-severity-classification/Classification/JPEGImages/levle0_58.jpg,Deep,r0f3,0,0,0.9946286082267761,0.9946286082267761,0.005295056849718094,4.695488678407855e-05,2.9383616492850706e-05
/kaggle/input/datasets/lexuanhieu131297/acne-severity-classification/Classification/JPEGImages/levle0_190.jpg,Deep,r0f3,0,0,0.7137506604194641,0.7137506604194641,0.2844654619693756,0.0014216010458767414,0.0003622561343945563
/kaggle/input/datasets/lexuanhieu131297/acne-severity-classification/Classification/JPEGImages/levle0_243.jpg,Medium,r0f3,0,0,0.9222567677497864,0.9222567677497864,0.07614832371473312,0.0009164581424556673,0.0006783987628296018
/kaggle/input/datasets/lexuanhieu131297/acne-severity-classification/Classification/JPEGImages/levle1_61.jpg,Light,r0f3,1,0,0.712957501411438,0.712957501411438,0.2863779664039612,0.00044335226994007826,0.00022119664936326444
/kaggle/input/datasets/lexuanhieu131297/acne-severity-classification/Classification/JPEGImages/levle0_360.jpg,Deep,r0f3,0,0,0.9584040641784668,0.9584040641784668,0.041375599801540375,0.00014605194155592471,7.430520781781524e-05
/kaggle/input/datasets/lexuanhieu131297/acne-severity-classification/Classification/JPEGImages/levle1_628.jpg,Medium,r0f3,1,1,0.6580373048782349,0.12355101853609085,0.6580373048782349,0.21290448307991028,0.0055072121322155
/kaggle/input/datasets/lexuanhieu131297/acne-severity-classification/Classification/JPEGImages/levle1_316.jpg,Deep,r0f3,1,1,0.8680464029312134,0.002530342200770974,0.8680464029312134,0.1280820369720459,0.0013412324478849769
/kaggle/input/datasets/lexuanhieu131297/acne-severity-classification/Classification/JPEGImages/levle2_17.jpg,Deep,r0f3,2,1,0.7598167657852173,0.0009600683115422726,0.7598167657852173,0.2202572226524353,0.01896599493920803
/kaggle/input/datasets/lexuanhieu131297/acne-severity-classification/Classification/JPEGImages/levle1_293.jpg,Deep,r0f3,1,0,0.617336630821228,0.617336630821228,0.3777390420436859,0.004216841422021389,0.0007074630702845752
/kaggle/input/datasets/lexuanhieu131297/acne-severity-classification/Classification/JPEGImages/levle1_39.jpg,Deep,r0f3,1,1,0.9834558367729187,0.001920895534567535,0.9834558367729187,0.014353904873132706,0.0002692668931558728
/kaggle/input/datasets/lexuanhieu131297/acne-severity-classification/Classification/JPEGImages/levle1_594.jpg,Deep,r0f3,1,1,0.980976402759552,0.001654969877563417,0.980976402759552,0.017172183841466904,0.00019650321337394416
/kaggle/input/datasets/lexuanhieu131297/acne-severity-classification/Classification/JPEGImages/levle0_196.jpg,Medium,r0f3,0,0,0.9903283715248108,0.9903283715248108,0.009562984108924866,6.026554910931736e-05,4.8424732085550204e-05
/kaggle/input/datasets/lexuanhieu131297/acne-severity-classification/Classification/JPEGImages/levle1_466.jpg,Medium,r0f3,1,1,0.9552942514419556,0.02349861152470112,0.9552942514419556,0.020099427551031113,0.0011076645459979773
/kaggle/input/datasets/lexuanhieu131297/acne-severity-classification/Classification/JPEGImages/levle1_274.jpg,Deep,r0f3,1,1,0.858556866645813,0.13960912823677063,0.858556866645813,0.0017000258667394519,0.00013393882545642555
/kaggle/input/datasets/lexuanhieu131297/acne-severity-classification/Classification/JPEGImages/levle3_64.jpg,Medium,r0f3,3,2,0.8215633630752563,0.0007462481153197587,0.021893922239542007,0.8215633630752563,0.15579643845558167
/kaggle/input/datasets/lexuanhieu131297/acne-severity-classification/Classification/JPEGImages/levle1_224.jpg,Medium,r0f3,1,1,0.8268649578094482,0.1658686250448227,0.8268649578094482,0.007001728750765324,0.0002646800421644002
/kaggle/input/datasets/lexuanhieu131297/acne-severity-classification/Classification/JPEGImages/levle0_177.jpg,Deep,r0f3,0,0,0.9938643574714661,0.9938643574714661,0.006079491693526506,3.366259625181556e-05,2.242412301711738e-05
/kaggle/input/datasets/lexuanhieu131297/acne-severity-classification/Classification/JPEGImages/levle0_375.jpg,Medium,r0f3,0,0,0.9715111255645752,0.9715111255645752,0.028130674734711647,0.00021083190222270787,0.00014747213572263718
/kaggle/input/datasets/lexuanhieu131297/acne-severity-classification/Classification/JPEGImages/levle1_200.jpg,Medium,r0f3,1,2,0.7864477634429932,0.0012104156194254756,0.2085915356874466,0.7864477634429932,0.003750252304598689
/kaggle/input/datasets/lexuanhieu131297/acne-severity-classification/Classification/JPEGImages/levle0_54.jpg,Deep,r0f3,0,1,0.7566520571708679,0.2401929348707199,0.7566520571708679,0.0022979755885899067,0.0008570152567699552
/kaggle/input/datasets/lexuanhieu131297/acne-severity-classification/Classification/JPEGImages/levle1_192.jpg,Medium,r0f3,1,2,0.7715316414833069,0.0004779060836881399,0.22628949582576752,0.7715316414833069,0.00170095544308424
/kaggle/input/datasets/lexuanhieu131297/acne-severity-classification/Classification/JPEGImages/levle0_100.jpg,Deep,r0f3,0,0,0.7563636302947998,0.7563636302947998,0.24222096800804138,0.0010193317430093884,0.00039606966311112046
/kaggle/input/datasets/lexuanhieu131297/acne-severity-classification/Classification/JPEGImages/levle0_519.jpg,Medium,r0f3,0,0,0.9444783329963684,0.9444783329963684,0.05409649387001991,0.0011864259140565991,0.0002386945707257837
/kaggle/input/datasets/lexuanhieu131297/acne-severity-classification/Classification/JPEGImages/levle0_444.jpg,Medium,r0f3,0,0,0.98920738697052,0.98920738697052,0.010755524970591068,2.7776504794019274e-05,9.267690984415822e-06
/kaggle/input/datasets/lexuanhieu131297/acne-severity-classification/Classification/JPEGImages/levle0_252.jpg,Deep,r0f3,0,1,0.6147122383117676,0.37430107593536377,0.6147122383117676,0.008717171847820282,0.0022695730440318584
/kaggle/input/datasets/lexuanhieu131297/acne-severity-classification/Classification/JPEGImages/levle0_62.jpg,Deep,r0f3,0,0,0.9558038711547852,0.9558038711547852,0.04171917960047722,0.0013446671655401587,0.0011323231738060713
/kaggle/input/datasets/lexuanhieu131297/acne-severity-classification/Classification/JPEGImages/levle0_153.jpg,Medium,r0f3,0,0,0.997577965259552,0.997577965259552,0.002344583161175251,3.7841182347619906e-05,3.965722135035321e-05
/kaggle/input/datasets/lexuanhieu131297/acne-severity-classification/Classification/JPEGImages/levle1_474.jpg,Medium,r0f3,1,1,0.9747667908668518,0.00334149063564837,0.9747667908668518,0.02112402766942978,0.0007677538087591529
/kaggle/input/datasets/lexuanhieu131297/acne-severity-classification/Classification/JPEGImages/levle3_39.jpg,Deep,r0f3,3,3,0.9938020706176758,9.114197018789127e-05,0.0007498253253288567,0.005356943234801292,0.9938020706176758
/kaggle/input/datasets/lexuanhieu131297/acne-severity-classification/Classification/JPEGImages/levle2_76.jpg,Deep,r0f3,2,2,0.9959880709648132,9.740907444211189e-06,0.0036745856050401926,0.9959880709648132,0.00032765435753390193
/kaggle/input/datasets/lexuanhieu131297/acne-severity-classification/Classification/JPEGImages/levle2_183.jpg,Deep,r0f3,2,2,0.9392392635345459,0.00017502607079222798,0.05825307220220566,0.9392392635345459,0.002332692965865135
/kaggle/input/datasets/lexuanhieu131297/acne-severity-classification/Classification/JPEGImages/levle1_115.jpg,Deep,r0f3,1,2,0.6419647336006165,0.003002060577273369,0.35245534777641296,0.6419647336006165,0.0025778484996408224
/kaggle/input/datasets/lexuanhieu131297/acne-severity-classification/Classification/JPEGImages/levle2_140.jpg,Deep,r0f3,2,2,0.997282862663269,1.5647165128029883e-05,0.0015439303824678063,0.997282862663269,0.0011574801756069064
/kaggle/input/datasets/lexuanhieu131297/acne-severity-classification/Classification/JPEGImages/levle1_524.jpg,Medium,r0f3,1,1,0.8658085465431213,0.0021587368100881577,0.8658085465431213,0.131485715508461,0.0005468812305480242
/kaggle/input/datasets/lexuanhieu131297/acne-severity-classification/Classification/JPEGImages/levle1_533.jpg,Deep,r0f3,1,1,0.7488878965377808,0.24768158793449402,0.7488878965377808,0.0030130844097584486,0.00041744677582755685
/kaggle/input/datasets/lexuanhieu131297/acne-severity-classification/Classification/JPEGImages/levle3_58.jpg,Deep,r0f3,3,3,0.9997842907905579,1.1056696394007304e-06,1.6375128325307742e-05,0.00019832441466860473,0.9997842907905579
/kaggle/input/datasets/lexuanhieu131297/acne-severity-classification/Classification/JPEGImages/levle0_380.jpg,Medium,r0f3,0,0,0.9898262023925781,0.9898262023925781,0.009909813292324543,0.00016309734201058745,0.00010087462578667328
/kaggle/input/datasets/lexuanhieu131297/acne-severity-classification/Classification/JPEGImages/levle0_530.jpg,Medium,r0f3,0,0,0.814577043056488,0.814577043056488,0.18425872921943665,0.0008000250672921538,0.00036413827911019325
/kaggle/input/datasets/lexuanhieu131297/acne-severity-classification/Classification/JPEGImages/levle1_105.jpg,Deep,r0f3,1,1,0.877495527267456,0.12180999666452408,0.877495527267456,0.0006479993462562561,4.639403414330445e-05
/kaggle/input/datasets/lexuanhieu131297/acne-severity-classification/Classification/JPEGImages/levle2_89.jpg,Deep,r0f3,2,1,0.8425902724266052,0.14132757484912872,0.8425902724266052,0.01299553457647562,0.0030867101158946753
/kaggle/input/datasets/lexuanhieu131297/acne-severity-classification/Classification/JPEGImages/levle0_171.jpg,Deep,r0f3,0,0,0.9927189350128174,0.9927189350128174,0.007225352339446545,3.751006079255603e-05,1.820967190724332e-05
/kaggle/input/datasets/lexuanhieu131297/acne-severity-classification/Classification/JPEGImages/levle1_362.jpg,Deep,r0f3,1,1,0.9206944108009338,0.05786069855093956,0.9206944108009338,0.016879582777619362,0.004565315321087837
/kaggle/input/datasets/lexuanhieu131297/acne-severity-classification/Classification/JPEGImages/levle1_459.jpg,Medium,r0f3,1,1,0.5880625247955322,0.40456393361091614,0.5880625247955322,0.006381452549248934,0.0009920989396050572
/kaggle/input/datasets/lexuanhieu131297/acne-severity-classification/Classification/JPEGImages/levle1_241.jpg,Deep,r0f3,1,1,0.7710394263267517,0.21130569279193878,0.7710394263267517,0.014959652908146381,0.002695246133953333
/kaggle/input/datasets/lexuanhieu131297/acne-severity-classification/Classification/JPEGImages/levle1_348.jpg,Deep,r0f3,1,1,0.9289911389350891,0.04099678993225098,0.9289911389350891,0.027083994820713997,0.0029280411545187235
/kaggle/input/datasets/lexuanhieu131297/acne-severity-classification/Classification/JPEGImages/levle1_313.jpg,Deep,r0f3,1,2,0.8462727665901184,0.0005515097873285413,0.14908455312252045,0.8462727665901184,0.0040910858660936356
/kaggle/input/datasets/lexuanhieu131297/acne-severity-classification/Classification/JPEGImages/levle0_157.jpg,Medium,r0f3,0,0,0.9982081651687622,0.9982081651687622,0.001770037692040205,1.1961412383243442e-05,9.724560186441522e-06
/kaggle/input/datasets/lexuanhieu131297/acne-severity-classification/Classification/JPEGImages/levle1_392.jpg,Medium,r0f3,1,1,0.9813942909240723,0.016092907637357712,0.9813942909240723,0.002344014123082161,0.0001688078191364184
/kaggle/input/datasets/lexuanhieu131297/acne-severity-classification/Classification/JPEGImages/levle1_547.jpg,Deep,r0f3,1,1,0.7706034183502197,0.22734546661376953,0.7706034183502197,0.0017494180938228965,0.00030163751216605306
/kaggle/input/datasets/lexuanhieu131297/acne-severity-classification/Classification/JPEGImages/levle2_186.jpg,Medium,r0f3,2,2,0.8037189841270447,0.0011153537780046463,0.18278172612190247,0.8037189841270447,0.01238391175866127
/kaggle/input/datasets/lexuanhieu131297/acne-severity-classification/Classification/JPEGImages/levle3_42.jpg,Deep,r0f3,3,2,0.8323554396629333,0.01565243862569332,0.1300046294927597,0.8323554396629333,0.021987421438097954
/kaggle/input/datasets/lexuanhieu131297/acne-severity-classification/Classification/JPEGImages/levle2_24.jpg,Medium,r0f3,2,2,0.3964773714542389,0.025099635124206543,0.252170205116272,0.3964773714542389,0.32625284790992737
/kaggle/input/datasets/lexuanhieu131297/acne-severity-classification/Classification/JPEGImages/levle1_606.jpg,Medium,r0f3,1,1,0.7849741578102112,0.003322797594591975,0.7849741578102112,0.2104492485523224,0.0012538234004750848
/kaggle/input/datasets/lexuanhieu131297/acne-severity-classification/Classification/JPEGImages/levle1_288.jpg,Medium,r0f3,1,1,0.9743604063987732,0.024149689823389053,0.9743604063987732,0.0013029015390202403,0.0001869690022431314
/kaggle/input/datasets/lexuanhieu131297/acne-severity-classification/Classification/JPEGImages/levle0_277.jpg,Medium,r0f3,0,0,0.5742525458335876,0.5742525458335876,0.4234273135662079,0.0018348735757172108,0.0004852444399148226
/kaggle/input/datasets/lexuanhieu131297/acne-severity-classification/Classification/JPEGImages/levle2_113.jpg,Medium,r0f3,2,2,0.7540712952613831,0.0005875818897038698,0.02101862244307995,0.7540712952613831,0.22432246804237366
/kaggle/input/datasets/lexuanhieu131297/acne-severity-classification/Classification/JPEGImages/levle0_432.jpg,Medium,r0f3,0,0,0.8964152336120605,0.8964152336120605,0.10285957157611847,0.0005607111379504204,0.00016445605433546007
/kaggle/input/datasets/lexuanhieu131297/acne-severity-classification/Classification/JPEGImages/levle0_140.jpg,Deep,r0f3,0,0,0.9842786192893982,0.9842786192893982,0.015450049191713333,0.0001417352759744972,0.00012955654528923333
/kaggle/input/datasets/lexuanhieu131297/acne-severity-classification/Classification/JPEGImages/levle0_117.jpg,Medium,r0f3,0,0,0.9845135807991028,0.9845135807991028,0.015453738160431385,2.221314571215771e-05,1.0533814020163845e-05
/kaggle/input/datasets/lexuanhieu131297/acne-severity-classification/Classification/JPEGImages/levle2_38.jpg,Deep,r0f3,2,2,0.986730694770813,6.479918374679983e-05,0.003874273272231221,0.986730694770813,0.009330272674560547
/kaggle/input/datasets/lexuanhieu131297/acne-severity-classification/Classification/JPEGImages/levle1_161.jpg,Medium,r0f3,1,1,0.9743604063987732,0.024149689823389053,0.9743604063987732,0.0013029015390202403,0.0001869690022431314
/kaggle/input/datasets/lexuanhieu131297/acne-severity-classification/Classification/JPEGImages/levle1_428.jpg,Medium,r0f3,1,0,0.817437469959259,0.817437469959259,0.17747516930103302,0.0035215767566114664,0.0015657453332096338
/kaggle/input/datasets/lexuanhieu131297/acne-severity-classification/Classification/JPEGImages/levle1_114.jpg,Deep,r0f3,1,2,0.9821787476539612,4.107900895178318e-05,0.01544345822185278,0.9821787476539612,0.0023367421235889196
/kaggle/input/datasets/lexuanhieu131297/acne-severity-classification/Classification/JPEGImages/levle3_10.jpg,Deep,r0f3,3,3,0.9769177436828613,4.487480691750534e-05,0.004363478627055883,0.018673906102776527,0.9769177436828613
/kaggle/input/datasets/lexuanhieu131297/acne-severity-classification/Classification/JPEGImages/levle3_51.jpg,Light,r0f3,3,3,0.8883494138717651,0.0007361377938650548,0.01954968087375164,0.09136473387479782,0.8883494138717651
/kaggle/input/datasets/lexuanhieu131297/acne-severity-classification/Classification/JPEGImages/levle2_109.jpg,Deep,r0f3,2,1,0.5891009569168091,0.21056385338306427,0.5891009569168091,0.19452591240406036,0.005809281952679157
/kaggle/input/datasets/lexuanhieu131297/acne-severity-classification/Classification/JPEGImages/levle1_171.jpg,Deep,r0f3,1,1,0.9431382417678833,0.00026332115521654487,0.9431382417678833,0.05647416040301323,0.00012438411067705601
/kaggle/input/datasets/lexuanhieu131297/acne-severity-classification/Classification/JPEGImages/levle1_583.jpg,Medium,r0f3,1,1,0.986753523349762,0.003362819319590926,0.986753523349762,0.009486683644354343,0.0003969523240812123
/kaggle/input/datasets/lexuanhieu131297/acne-severity-classification/Classification/JPEGImages/levle1_511.jpg,Medium,r0f3,1,1,0.912125825881958,0.08336260169744492,0.912125825881958,0.004174769390374422,0.00033671481651254
/kaggle/input/datasets/lexuanhieu131297/acne-severity-classification/Classification/JPEGImages/levle0_5.jpg,Light,r0f3,0,0,0.5000879168510437,0.5000879168510437,0.4419730007648468,0.048226889222860336,0.009712150320410728
/kaggle/input/datasets/lexuanhieu131297/acne-severity-classification/Classification/JPEGImages/levle1_372.jpg,Deep,r0f3,1,1,0.673363447189331,0.32182371616363525,0.673363447189331,0.0039035819936543703,0.0009092487161979079
/kaggle/input/datasets/lexuanhieu131297/acne-severity-classification/Classification/JPEGImages/levle3_13.jpg,Medium,r0f3,3,3,0.9997817873954773,2.4530288555979496e-06,2.7369600502424873e-05,0.00018832023488357663,0.9997817873954773
/kaggle/input/datasets/lexuanhieu131297/acne-severity-classification/Classification/JPEGImages/levle0_17.jpg,Medium,r0f3,0,0,0.9877459406852722,0.9877459406852722,0.012217232026159763,2.8393196771503426e-05,8.491947482980322e-06
/kaggle/input/datasets/lexuanhieu131297/acne-severity-classification/Classification/JPEGImages/levle2_0.jpg,Light,r0f3,2,3,0.48140835762023926,0.0014677742728963494,0.18147718906402588,0.33564671874046326,0.48140835762023926
/kaggle/input/datasets/lexuanhieu131297/acne-severity-classification/Classification/JPEGImages/levle3_40.jpg,Medium,r0f3,3,2,0.5068589448928833,0.00017304749053437263,0.009319780394434929,0.5068589448928833,0.4836482107639313
/kaggle/input/datasets/lexuanhieu131297/acne-severity-classification/Classification/JPEGImages/levle0_339.jpg,Medium,r0f3,0,0,0.9075711965560913,0.9075711965560913,0.08803761750459671,0.002470750594511628,0.0019204680575057864
/kaggle/input/datasets/lexuanhieu131297/acne-severity-classification/Classification/JPEGImages/levle0_297.jpg,Deep,r0f3,0,0,0.9924041628837585,0.9924041628837585,0.007477861829102039,7.5158903200645e-05,4.2824249248951674e-05
/kaggle/input/datasets/lexuanhieu131297/acne-severity-classification/Classification/JPEGImages/levle2_101.jpg,Deep,r0f3,2,2,0.995187520980835,1.4440855920838658e-05,0.004253971856087446,0.995187520980835,0.0005440100212581456
/kaggle/input/datasets/lexuanhieu131297/acne-severity-classification/Classification/JPEGImages/levle2_39.jpg,Deep,r0f3,2,2,0.9570630788803101,0.00020527673768810928,0.014265080913901329,0.9570630788803101,0.028466632589697838
/kaggle/input/datasets/lexuanhieu131297/acne-severity-classification/Classification/JPEGImages/levle0_447.jpg,Medium,r0f3,0,0,0.8219028115272522,0.8219028115272522,0.17397084832191467,0.0031677717342972755,0.0009585974039509892
/kaggle/input/datasets/lexuanhieu131297/acne-severity-classification/Classification/JPEGImages/levle2_46.jpg,Deep,r0f3,2,2,0.6860336661338806,0.0020794400479644537,0.053839366883039474,0.6860336661338806,0.2580474615097046
/kaggle/input/datasets/lexuanhieu131297/acne-severity-classification/Classification/JPEGImages/levle1_99.jpg,Medium,r0f3,1,1,0.987223744392395,0.00364136160351336,0.987223744392395,0.009109791368246078,2.504366057110019e-05
/kaggle/input/datasets/lexuanhieu131297/acne-severity-classification/Classification/JPEGImages/levle1_596.jpg,Medium,r0f3,1,1,0.8782595992088318,0.11106005311012268,0.8782595992088318,0.01031507458537817,0.0003652350860647857
/kaggle/input/datasets/lexuanhieu131297/acne-severity-classification/Classification/JPEGImages/levle0_397.jpg,Deep,r0f3,0,0,0.9970393180847168,0.9970393180847168,0.0029305799398571253,1.6587329810135998e-05,1.3538186067307834e-05
/kaggle/input/datasets/lexuanhieu131297/acne-severity-classification/Classification/JPEGImages/levle1_572.jpg,Deep,r0f3,1,1,0.6416707634925842,0.35436421632766724,0.6416707634925842,0.0029889876022934914,0.0009760847315192223
/kaggle/input/datasets/lexuanhieu131297/acne-severity-classification/Classification/JPEGImages/levle0_83.jpg,Deep,r0f3,0,0,0.8548214435577393,0.8548214435577393,0.14327412843704224,0.001167879207059741,0.0007365721394307911
/kaggle/input/datasets/lexuanhieu131297/acne-severity-classification/Classification/JPEGImages/levle0_80.jpg,Deep,r0f3,0,1,0.777046799659729,0.19956213235855103,0.777046799659729,0.02030707336962223,0.0030839266255497932
/kaggle/input/datasets/lexuanhieu131297/acne-severity-classification/Classification/JPEGImages/levle1_220.jpg,Medium,r0f3,1,0,0.8310271501541138,0.8310271501541138,0.16670355200767517,0.001642303541302681,0.0006270113517530262
/kaggle/input/datasets/lexuanhieu131297/acne-severity-classification/Classification/JPEGImages/levle1_472.jpg,Deep,r0f3,1,1,0.8454666137695312,0.12186049669981003,0.8454666137695312,0.03210117295384407,0.0005718151805922389
/kaggle/input/datasets/lexuanhieu131297/acne-severity-classification/Classification/JPEGImages/levle1_6.jpg,Medium,r0f3,1,1,0.5647664070129395,0.34096282720565796,0.5647664070129395,0.05691109597682953,0.03735967352986336
/kaggle/input/datasets/lexuanhieu131297/acne-severity-classification/Classification/JPEGImages/levle1_577.jpg,Deep,r0f3,1,1,0.8928710222244263,0.0003289637097623199,0.8928710222244263,0.10643016546964645,0.000369863846572116
/kaggle/input/datasets/lexuanhieu131297/acne-severity-classification/Classification/JPEGImages/levle0_354.jpg,Medium,r0f3,0,1,0.8514206409454346,0.14424535632133484,0.8514206409454346,0.0037770280614495277,0.0005570362554863095
/kaggle/input/datasets/lexuanhieu131297/acne-severity-classification/Classification/JPEGImages/levle0_305.jpg,Deep,r0f3,0,0,0.9853537082672119,0.9853537082672119,0.014151726849377155,0.000261486042290926,0.0002330252027604729
/kaggle/input/datasets/lexuanhieu131297/acne-severity-classification/Classification/JPEGImages/levle0_430.jpg,Medium,r0f3,0,0,0.910845160484314,0.910845160484314,0.08861444145441055,0.0003780471161007881,0.00016227876767516136
/kaggle/input/datasets/lexuanhieu131297/acne-severity-classification/Classification/JPEGImages/levle1_636.jpg,Deep,r0f3,1,1,0.9013306498527527,0.0946291834115982,0.9013306498527527,0.0035493443720042706,0.0004907831898890436
/kaggle/input/datasets/lexuanhieu131297/acne-severity-classification/Classification/JPEGImages/levle2_115.jpg,Medium,r0f3,2,1,0.809786319732666,0.0022002418991178274,0.809786319732666,0.18551534414291382,0.0024980749003589153
/kaggle/input/datasets/lexuanhieu131297/acne-severity-classification/Classification/JPEGImages/levle0_509.jpg,Deep,r0f3,0,0,0.544881284236908,0.544881284236908,0.4421210289001465,0.01091798860579729,0.002079668687656522
/kaggle/input/datasets/lexuanhieu131297/acne-severity-classification/Classification/JPEGImages/levle1_407.jpg,Medium,r0f3,1,1,0.7089058756828308,0.2676290273666382,0.7089058756828308,0.021013563498854637,0.002451574895530939
/kaggle/input/datasets/lexuanhieu131297/acne-severity-classification/Classification/JPEGImages/levle3_105.jpg,Light,r0f3,3,3,0.9917240738868713,3.681402859001537e-06,4.906459435005672e-05,0.008223241195082664,0.9917240738868713
/kaggle/input/datasets/lexuanhieu131297/acne-severity-classification/Classification/JPEGImages/levle0_274.jpg,Medium,r0f3,0,0,0.8877149224281311,0.8877149224281311,0.10581555962562561,0.004094908945262432,0.002374584786593914
/kaggle/input/datasets/lexuanhieu131297/acne-severity-classification/Classification/JPEGImages/levle1_181.jpg,Deep,r0f3,1,1,0.9175703525543213,0.07643017917871475,0.9175703525543213,0.0057011875323951244,0.00029834022279828787
/kaggle/input/datasets/lexuanhieu131297/acne-severity-classification/Classification/JPEGImages/levle0_218.jpg,Medium,r0f3,0,0,0.8606505990028381,0.8606505990028381,0.13777987658977509,0.0011241909814998507,0.0004454288864508271
/kaggle/input/datasets/lexuanhieu131297/acne-severity-classification/Classification/JPEGImages/levle1_144.jpg,Medium,r0f3,1,0,0.7702696919441223,0.7702696919441223,0.22680360078811646,0.002584352856501937,0.0003423200105316937
/kaggle/input/datasets/lexuanhieu131297/acne-severity-classification/Classification/JPEGImages/levle1_434.jpg,Medium,r0f3,1,1,0.9780213832855225,0.0037805421743541956,0.9780213832855225,0.01766122318804264,0.0005367187550291419
/kaggle/input/datasets/lexuanhieu131297/acne-severity-classification/Classification/JPEGImages/levle0_21.jpg,Medium,r0f3,0,0,0.9820359349250793,0.9820359349250793,0.017552806064486504,0.00023178744595497847,0.00017946161096915603
/kaggle/input/datasets/lexuanhieu131297/acne-severity-classification/Classification/JPEGImages/levle0_203.jpg,Deep,r0f3,0,0,0.6691089272499084,0.6691089272499084,0.329297810792923,0.0012325335992500186,0.0003607955586630851
/kaggle/input/datasets/lexuanhieu131297/acne-severity-classification/Classification/JPEGImages/levle3_95.jpg,Deep,r0f3,3,3,0.9967207312583923,7.84928270149976e-05,0.0006090103997848928,0.0025917210150510073,0.9967207312583923
/kaggle/input/datasets/lexuanhieu131297/acne-severity-classification/Classification/JPEGImages/levle3_49.jpg,Deep,r0f3,3,2,0.8978533744812012,0.0003199961211066693,0.022786736488342285,0.8978533744812012,0.07903992384672165
/kaggle/input/datasets/lexuanhieu131297/acne-severity-classification/Classification/JPEGImages/levle0_52.jpg,Deep,r0f3,0,0,0.6817138195037842,0.6817138195037842,0.3130270540714264,0.003406828735023737,0.001852260553278029
/kaggle/input/datasets/lexuanhieu131297/acne-severity-classification/Classification/JPEGImages/levle0_293.jpg,Deep,r0f3,0,0,0.899665117263794,0.899665117263794,0.09956898540258408,0.00043570497655309737,0.0003301746037323028
/kaggle/input/datasets/lexuanhieu131297/acne-severity-classification/Classification/JPEGImages/levle1_227.jpg,Deep,r0f3,1,1,0.6573345065116882,0.3410206437110901,0.6573345065116882,0.0013350575463846326,0.00030975823756307364
/kaggle/input/datasets/lexuanhieu131297/acne-severity-classification/Classification/JPEGImages/levle0_383.jpg,Medium,r0f3,0,0,0.9900978803634644,0.9900978803634644,0.009716061875224113,0.00010910141281783581,7.70628685131669e-05
/kaggle/input/datasets/lexuanhieu131297/acne-severity-classification/Classification/JPEGImages/levle1_458.jpg,Medium,r0f3,1,1,0.8845637440681458,0.11023065447807312,0.8845637440681458,0.004455231595784426,0.0007503833621740341
/kaggle/input/datasets/lexuanhieu131297/acne-severity-classification/Classification/JPEGImages/levle1_558.jpg,Medium,r0f3,1,1,0.9527435898780823,0.04033075273036957,0.9527435898780823,0.006222027353942394,0.0007035673479549587
/kaggle/input/datasets/lexuanhieu131297/acne-severity-classification/Classification/JPEGImages/levle2_56.jpg,Deep,r0f3,2,2,0.9633715748786926,0.0002444223209749907,0.030398236587643623,0.9633715748786926,0.005985766649246216
/kaggle/input/datasets/lexuanhieu131297/acne-severity-classification/Classification/JPEGImages/levle0_270.jpg,Medium,r0f3,0,0,0.8057225346565247,0.8057225346565247,0.19268861413002014,0.0010320872534066439,0.0005567693151533604
/kaggle/input/datasets/lexuanhieu131297/acne-severity-classification/Classification/JPEGImages/levle1_559.jpg,Deep,r0f3,1,0,0.7196562886238098,0.7196562886238098,0.275562047958374,0.003638837719336152,0.0011427769204601645
/kaggle/input/datasets/lexuanhieu131297/acne-severity-classification/Classification/JPEGImages/levle2_23.jpg,Deep,r0f3,2,3,0.896746814250946,0.0027501739095896482,0.02694750763475895,0.07355556637048721,0.896746814250946
/kaggle/input/datasets/lexuanhieu131297/acne-severity-classification/Classification/JPEGImages/levle0_414.jpg,Deep,r0f3,0,0,0.9857725501060486,0.9857725501060486,0.013904258608818054,0.00022028692183084786,0.00010284388554282486
/kaggle/input/datasets/lexuanhieu131297/acne-severity-classification/Classification/JPEGImages/levle1_537.jpg,Deep,r0f3,1,1,0.8899356126785278,0.006102675572037697,0.8899356126785278,0.10112369060516357,0.002838007640093565
/kaggle/input/datasets/lexuanhieu131297/acne-severity-classification/Classification/JPEGImages/levle0_504.jpg,Medium,r0f3,0,0,0.9932371973991394,0.9932371973991394,0.006663033738732338,5.8354544307803735e-05,4.137957148486748e-05
/kaggle/input/datasets/lexuanhieu131297/acne-severity-classification/Classification/JPEGImages/levle1_503.jpg,Deep,r0f3,1,1,0.9804009795188904,0.012946341186761856,0.9804009795188904,0.006217791698873043,0.0004348555230535567
/kaggle/input/datasets/lexuanhieu131297/acne-severity-classification/Classification/JPEGImages/levle1_627.jpg,Deep,r0f3,1,1,0.7675495147705078,0.027686292305588722,0.7675495147705078,0.20071670413017273,0.004047445021569729
/kaggle/input/datasets/lexuanhieu131297/acne-severity-classification/Classification/JPEGImages/levle2_100.jpg,Deep,r0f3,2,1,0.6291804909706116,0.00427680928260088,0.6291804909706116,0.32801222801208496,0.03853047266602516
/kaggle/input/datasets/lexuanhieu131297/acne-severity-classification/Classification/JPEGImages/levle0_50.jpg,Deep,r0f3,0,0,0.926011323928833,0.926011323928833,0.07345747947692871,0.00036035123048350215,0.000170884100953117
/kaggle/input/datasets/lexuanhieu131297/acne-severity-classification/Classification/JPEGImages/levle1_457.jpg,Deep,r0f3,1,0,0.9516052603721619,0.9516052603721619,0.04812372475862503,0.0001762944448273629,9.473295358475298e-05
/kaggle/input/datasets/lexuanhieu131297/acne-severity-classification/Classification/JPEGImages/levle1_131.jpg,Medium,r0f3,1,2,0.9000641703605652,0.0011484388960525393,0.09417378157377243,0.9000641703605652,0.004613692872226238
/kaggle/input/datasets/lexuanhieu131297/acne-severity-classification/Classification/JPEGImages/levle0_138.jpg,Deep,r0f3,0,0,0.9710270166397095,0.9710270166397095,0.028727257624268532,0.00014826485130470246,9.742455586092547e-05
/kaggle/input/datasets/lexuanhieu131297/acne-severity-classification/Classification/JPEGImages/levle1_24.jpg,Deep,r0f3,1,1,0.8034518957138062,0.16742876172065735,0.8034518957138062,0.02317371964454651,0.005945693701505661
/kaggle/input/datasets/lexuanhieu131297/acne-severity-classification/Classification/JPEGImages/levle2_79.jpg,Medium,r0f3,2,2,0.9007589817047119,2.3119595425669104e-05,0.09910763055086136,0.9007589817047119,0.00011029742745449767
/kaggle/input/datasets/lexuanhieu131297/acne-severity-classification/Classification/JPEGImages/levle1_5.jpg,Light,r0f3,1,1,0.8587682247161865,0.10319317132234573,0.8587682247161865,0.03537643700838089,0.0026621443685144186
/kaggle/input/datasets/lexuanhieu131297/acne-severity-classification/Classification/JPEGImages/levle0_123.jpg,Deep,r0f3,0,0,0.9904464483261108,0.9904464483261108,0.009335731156170368,0.00013372089597396553,8.400791557505727e-05
/kaggle/input/datasets/lexuanhieu131297/acne-severity-classification/Classification/JPEGImages/levle1_209.jpg,Medium,r0f3,1,1,0.9533278346061707,0.04434889182448387,0.9533278346061707,0.002134850015863776,0.0001883717195596546
/kaggle/input/datasets/lexuanhieu131297/acne-severity-classification/Classification/JPEGImages/levle0_32.jpg,Deep,r0f3,0,1,0.8672055602073669,0.12839607894420624,0.8672055602073669,0.0032522224355489016,0.001146105700172484
/kaggle/input/datasets/lexuanhieu131297/acne-severity-classification/Classification/JPEGImages/levle0_2.jpg,Deep,r0f3,0,0,0.963445782661438,0.963445782661438,0.03627828508615494,0.00017299651517532766,0.00010289822239428759
/kaggle/input/datasets/lexuanhieu131297/acne-severity-classification/Classification/JPEGImages/levle1_461.jpg,Deep,r0f3,1,1,0.8943293690681458,0.0005173663375899196,0.8943293690681458,0.10474646836519241,0.00040687943692319095
/kaggle/input/datasets/lexuanhieu131297/acne-severity-classification/Classification/JPEGImages/levle1_183.jpg,Medium,r0f3,1,1,0.5154277682304382,0.4766927659511566,0.5154277682304382,0.006350368726998568,0.0015291081508621573
/kaggle/input/datasets/lexuanhieu131297/acne-severity-classification/Classification/JPEGImages/levle0_373.jpg,Deep,r0f3,0,0,0.9750949144363403,0.9750949144363403,0.0246987733989954,0.0001352977124042809,7.10189196979627e-05
/kaggle/input/datasets/lexuanhieu131297/acne-severity-classification/Classification/JPEGImages/levle1_139.jpg,Deep,r0f3,1,1,0.9553350806236267,0.034430474042892456,0.9553350806236267,0.009805667214095592,0.00042873245547525585
/kaggle/input/datasets/lexuanhieu131297/acne-severity-classification/Classification/JPEGImages/levle1_236.jpg,Deep,r0f3,1,1,0.8671553730964661,0.012613270431756973,0.8671553730964661,0.11747138202190399,0.0027599656023085117
/kaggle/input/datasets/lexuanhieu131297/acne-severity-classification/Classification/JPEGImages/levle1_391.jpg,Deep,r0f3,1,1,0.9033177495002747,0.0064412010833621025,0.9033177495002747,0.0896591991186142,0.0005818271893076599
/kaggle/input/datasets/lexuanhieu131297/acne-severity-classification/Classification/JPEGImages/levle1_239.jpg,Deep,r0f3,1,1,0.9062814116477966,0.06443604081869125,0.9062814116477966,0.026969360187649727,0.0023132343776524067
/kaggle/input/datasets/lexuanhieu131297/acne-severity-classification/Classification/JPEGImages/levle1_435.jpg,Deep,r0f3,1,1,0.9921444654464722,0.0017202108865603805,0.9921444654464722,0.005825083702802658,0.00031022922485135496
/kaggle/input/datasets/lexuanhieu131297/acne-severity-classification/Classification/JPEGImages/levle1_599.jpg,Deep,r0f3,1,2,0.8028774261474609,0.001592883258126676,0.1825903356075287,0.8028774261474609,0.01293934229761362
/kaggle/input/datasets/lexuanhieu131297/acne-severity-classification/Classification/JPEGImages/levle0_343.jpg,Medium,r0f3,0,0,0.9969922304153442,0.9969922304153442,0.0029824087396264076,1.6586547644692473e-05,8.740496923564933e-06
/kaggle/input/datasets/lexuanhieu131297/acne-severity-classification/Classification/JPEGImages/levle2_148.jpg,Deep,r0f3,2,2,0.9860342144966125,3.2243653549812734e-05,0.0112960459664464,0.9860342144966125,0.0026375828310847282
/kaggle/input/datasets/lexuanhieu131297/acne-severity-classification/Classification/JPEGImages/levle0_450.jpg,Medium,r0f3,0,1,0.6807187795639038,0.307423859834671,0.6807187795639038,0.010653864592313766,0.0012035297695547342
/kaggle/input/datasets/lexuanhieu131297/acne-severity-classification/Classification/JPEGImages/levle1_103.jpg,Deep,r0f3,1,1,0.9418663382530212,0.014741059392690659,0.9418663382530212,0.04286345839500427,0.000529135053511709
/kaggle/input/datasets/lexuanhieu131297/acne-severity-classification/Classification/JPEGImages/levle1_187.jpg,Deep,r0f3,1,1,0.9950152039527893,0.0022478734608739614,0.9950152039527893,0.002602490596473217,0.00013433773710858077
/kaggle/input/datasets/lexuanhieu131297/acne-severity-classification/Classification/JPEGImages/levle0_421.jpg,Medium,r0f3,0,0,0.9955176711082458,0.9955176711082458,0.004371211398392916,6.91860550432466e-05,4.1963463445426896e-05
/kaggle/input/datasets/lexuanhieu131297/acne-severity-classification/Classification/JPEGImages/levle0_304.jpg,Deep,r0f3,0,0,0.9978002905845642,0.9978002905845642,0.002167809521779418,1.5839823390706442e-05,1.6026537196012214e-05
/kaggle/input/datasets/lexuanhieu131297/acne-severity-classification/Classification/JPEGImages/levle2_130.jpg,Medium,r0f3,2,2,0.9752562642097473,0.00012736998905893415,0.020156964659690857,0.9752562642097473,0.004459358286112547
/kaggle/input/datasets/lexuanhieu131297/acne-severity-classification/Classification/JPEGImages/levle0_102.jpg,Deep,r0f3,0,2,0.7998091578483582,0.0027903583832085133,0.19108770787715912,0.7998091578483582,0.006312781013548374
/kaggle/input/datasets/lexuanhieu131297/acne-severity-classification/Classification/JPEGImages/levle1_150.jpg,Medium,r0f3,1,1,0.8062395453453064,0.18255096673965454,0.8062395453453064,0.010584313422441483,0.0006251719896681607
/kaggle/input/datasets/lexuanhieu131297/acne-severity-classification/Classification/JPEGImages/levle0_378.jpg,Medium,r0f3,0,0,0.8570454120635986,0.8570454120635986,0.13800902664661407,0.0035025489050894976,0.0014430691953748465
/kaggle/input/datasets/lexuanhieu131297/acne-severity-classification/Classification/JPEGImages/levle1_561.jpg,Deep,r0f3,1,0,0.8519939184188843,0.8519939184188843,0.1449074149131775,0.0020429121796041727,0.0010557168861851096
/kaggle/input/datasets/lexuanhieu131297/acne-severity-classification/Classification/JPEGImages/levle3_36.jpg,Deep,r0f3,3,3,0.6844839453697205,0.0014640465378761292,0.03964767977595329,0.2744043469429016,0.6844839453697205
/kaggle/input/datasets/lexuanhieu131297/acne-severity-classification/Classification/JPEGImages/levle0_528.jpg,Deep,r0f3,0,0,0.9930171966552734,0.9930171966552734,0.00688309408724308,7.218313112389296e-05,2.7558631700230762e-05
/kaggle/input/datasets/lexuanhieu131297/acne-severity-classification/Classification/JPEGImages/levle0_129.jpg,Deep,r0f3,0,0,0.989452064037323,0.989452064037323,0.01046800147742033,4.5273372961673886e-05,3.471230229479261e-05
/kaggle/input/datasets/lexuanhieu131297/acne-severity-classification/Classification/JPEGImages/levle0_229.jpg,Medium,r0f3,0,0,0.7671249508857727,0.7671249508857727,0.2321392148733139,0.0005653892294503748,0.00017042504623532295
/kaggle/input/datasets/lexuanhieu131297/acne-severity-classification/Classification/JPEGImages/levle1_268.jpg,Deep,r0f3,1,1,0.9896010756492615,0.00840022973716259,0.9896010756492615,0.0018087109783664346,0.00018989351519849151
/kaggle/input/datasets/lexuanhieu131297/acne-severity-classification/Classification/JPEGImages/levle0_46.jpg,Deep,r0f3,0,0,0.9792683124542236,0.9792683124542236,0.020603841170668602,8.403889660257846e-05,4.376944343675859e-05
/kaggle/input/datasets/lexuanhieu131297/acne-severity-classification/Classification/JPEGImages/levle1_421.jpg,Medium,r0f3,1,1,0.6357530951499939,0.32124146819114685,0.6357530951499939,0.03962339088320732,0.003382050432264805
/kaggle/input/datasets/lexuanhieu131297/acne-severity-classification/Classification/JPEGImages/levle0_480.jpg,Deep,r0f3,0,0,0.7922640442848206,0.7922640442848206,0.20506606996059418,0.0019792288076132536,0.0006907155620865524
/kaggle/input/datasets/lexuanhieu131297/acne-severity-classification/Classification/JPEGImages/levle1_624.jpg,Deep,r0f3,1,1,0.5697076320648193,0.3981086313724518,0.5697076320648193,0.02883889339864254,0.003344870638102293
/kaggle/input/datasets/lexuanhieu131297/acne-severity-classification/Classification/JPEGImages/levle0_63.jpg,Deep,r0f3,0,0,0.9042245745658875,0.9042245745658875,0.09419423341751099,0.00101223005913198,0.0005689196987077594
/kaggle/input/datasets/lexuanhieu131297/acne-severity-classification/Classification/JPEGImages/levle3_127.jpg,Light,r0f3,3,3,0.9990552067756653,5.374969077820424e-06,8.607253403170034e-05,0.0008533208747394383,0.9990552067756653
/kaggle/input/datasets/lexuanhieu131297/acne-severity-classification/Classification/JPEGImages/levle1_321.jpg,Medium,r0f3,1,1,0.7157135605812073,0.26901426911354065,0.7157135605812073,0.013818584382534027,0.001453626318834722
/kaggle/input/datasets/lexuanhieu131297/acne-severity-classification/Classification/JPEGImages/levle1_295.jpg,Deep,r0f3,1,1,0.8852674961090088,0.004511334467679262,0.8852674961090088,0.10771021991968155,0.002510935766622424
/kaggle/input/datasets/lexuanhieu131297/acne-severity-classification/Classification/JPEGImages/levle3_9.jpg,Medium,r0f3,3,3,0.9991146922111511,6.408296940207947e-06,0.00015465353499166667,0.0007242471911013126,0.9991146922111511
/kaggle/input/datasets/lexuanhieu131297/acne-severity-classification/Classification/JPEGImages/levle1_206.jpg,Medium,r0f3,1,1,0.8516988158226013,0.13176526129245758,0.8516988158226013,0.015104707330465317,0.0014312684070318937
/kaggle/input/datasets/lexuanhieu131297/acne-severity-classification/Classification/JPEGImages/levle0_169.jpg,Deep,r0f3,0,0,0.9834166765213013,0.9834166765213013,0.016448143869638443,8.913877536542714e-05,4.606429865816608e-05
/kaggle/input/datasets/lexuanhieu131297/acne-severity-classification/Classification/JPEGImages/levle1_188.jpg,Deep,r0f3,1,1,0.9972701668739319,0.0012925075134262443,0.9972701668739319,0.0013839526800438762,5.3348165238276124e-05
/kaggle/input/datasets/lexuanhieu131297/acne-severity-classification/Classification/JPEGImages/levle1_409.jpg,Deep,r0f3,1,1,0.9035463333129883,0.09504725784063339,0.9035463333129883,0.0011551359202712774,0.00025128372362814844
/kaggle/input/datasets/lexuanhieu131297/acne-severity-classification/Classification/JPEGImages/levle2_124.jpg,Deep,r0f3,2,2,0.7044034004211426,0.002421772573143244,0.2697216272354126,0.7044034004211426,0.023453213274478912
/kaggle/input/datasets/lexuanhieu131297/acne-severity-classification/Classification/JPEGImages/levle1_229.jpg,Deep,r0f3,1,1,0.9803832173347473,0.009848878718912601,0.9803832173347473,0.009046669118106365,0.0007211557240225375
/kaggle/input/datasets/lexuanhieu131297/acne-severity-classification/Classification/JPEGImages/levle1_254.jpg,Medium,r0f3,1,0,0.8732616305351257,0.8732616305351257,0.12654456496238708,0.00016368752403650433,3.0161098038661294e-05
/kaggle/input/datasets/lexuanhieu131297/acne-severity-classification/Classification/JPEGImages/levle0_240.jpg,Deep,r0f3,0,0,0.9870185852050781,0.9870185852050781,0.01268835924565792,0.0001432446006219834,0.0001498261117376387
/kaggle/input/datasets/lexuanhieu131297/acne-severity-classification/Classification/JPEGImages/levle1_176.jpg,Deep,r0f3,1,1,0.902137815952301,0.003272737143561244,0.902137815952301,0.09211418777704239,0.0024752214085310698
/kaggle/input/datasets/lexuanhieu131297/acne-severity-classification/Classification/JPEGImages/levle0_518.jpg,Medium,r0f3,0,0,0.6988525390625,0.6988525390625,0.2927510440349579,0.006069923751056194,0.0023264922201633453
/kaggle/input/datasets/lexuanhieu131297/acne-severity-classification/Classification/JPEGImages/levle1_471.jpg,Medium,r0f3,1,1,0.9386399388313293,0.05064063146710396,0.9386399388313293,0.00994013249874115,0.0007793320692144334
/kaggle/input/datasets/lexuanhieu131297/acne-severity-classification/Classification/JPEGImages/levle1_556.jpg,Deep,r0f3,1,1,0.4988774359226227,0.0008383568492718041,0.4988774359226227,0.4988774359226227,0.0014067282900214195
/kaggle/input/datasets/lexuanhieu131297/acne-severity-classification/Classification/JPEGImages/levle1_358.jpg,Deep,r0f3,1,1,0.9804279208183289,0.010469208471477032,0.9804279208183289,0.008624359965324402,0.0004785422352142632
/kaggle/input/datasets/lexuanhieu131297/acne-severity-classification/Classification/JPEGImages/levle2_118.jpg,Medium,r0f3,2,1,0.7315464615821838,0.0004842510388698429,0.7315464615821838,0.2675486207008362,0.0004207245947327465
/kaggle/input/datasets/lexuanhieu131297/acne-severity-classification/Classification/JPEGImages/levle1_480.jpg,Medium,r0f3,1,1,0.9632743000984192,0.005179726518690586,0.9632743000984192,0.030779745429754257,0.0007661475683562458
/kaggle/input/datasets/lexuanhieu131297/acne-severity-classification/Classification/JPEGImages/levle1_219.jpg,Medium,r0f3,1,1,0.7132214903831482,0.279574453830719,0.7132214903831482,0.006292278878390789,0.0009118157904595137
/kaggle/input/datasets/lexuanhieu131297/acne-severity-classification/Classification/JPEGImages/levle1_513.jpg,Deep,r0f3,1,0,0.6650105714797974,0.6650105714797974,0.3311387002468109,0.0026703905314207077,0.0011803589295595884
/kaggle/input/datasets/lexuanhieu131297/acne-severity-classification/Classification/JPEGImages/levle2_15.jpg,Medium,r0f3,2,3,0.6156242489814758,0.011509175412356853,0.11533397436141968,0.25753259658813477,0.6156242489814758
/kaggle/input/datasets/lexuanhieu131297/acne-severity-classification/Classification/JPEGImages/levle0_116.jpg,Deep,r0f3,0,0,0.9631125330924988,0.9631125330924988,0.0360538624227047,0.0005193275865167379,0.000314373493893072
/kaggle/input/datasets/lexuanhieu131297/acne-severity-classification/Classification/JPEGImages/levle0_516.jpg,Deep,r0f3,0,0,0.8388791084289551,0.8388791084289551,0.16072949767112732,0.000293194898404181,9.820798004511744e-05
/kaggle/input/datasets/lexuanhieu131297/acne-severity-classification/Classification/JPEGImages/levle2_121.jpg,Medium,r0f3,2,2,0.9422938227653503,0.000298697646940127,0.0508439727127552,0.9422938227653503,0.006563475821167231
/kaggle/input/datasets/lexuanhieu131297/acne-severity-classification/Classification/JPEGImages/levle0_477.jpg,Deep,r0f3,0,1,0.628912091255188,0.3441109359264374,0.628912091255188,0.013962487690150738,0.013014470227062702
/kaggle/input/datasets/lexuanhieu131297/acne-severity-classification/Classification/JPEGImages/levle3_129.jpg,Medium,r0f3,3,2,0.4611136019229889,0.0008236643043346703,0.07739920169115067,0.4611136019229889,0.46066349744796753
/kaggle/input/datasets/lexuanhieu131297/acne-severity-classification/Classification/JPEGImages/levle1_262.jpg,Deep,r0f3,1,1,0.9493359923362732,0.001516355318017304,0.9493359923362732,0.0461261123418808,0.0030215284787118435
/kaggle/input/datasets/lexuanhieu131297/acne-severity-classification/Classification/JPEGImages/levle1_197.jpg,Deep,r0f3,1,1,0.9686514735221863,0.019164379686117172,0.9686514735221863,0.011969362385571003,0.00021477643167600036
/kaggle/input/datasets/lexuanhieu131297/acne-severity-classification/Classification/JPEGImages/levle1_89.jpg,Deep,r0f3,1,1,0.8740289211273193,0.12186313420534134,0.8740289211273193,0.0036140617448836565,0.0004939099308103323
/kaggle/input/datasets/lexuanhieu131297/acne-severity-classification/Classification/JPEGImages/levle1_565.jpg,Medium,r0f3,1,2,0.8920021653175354,0.0009849886409938335,0.10519053786993027,0.8920021653175354,0.0018223178340122104
/kaggle/input/datasets/lexuanhieu131297/acne-severity-classification/Classification/JPEGImages/levle0_55.jpg,Medium,r0f3,0,0,0.744101345539093,0.744101345539093,0.2514429986476898,0.0036112440284341574,0.0008444474660791457
/kaggle/input/datasets/lexuanhieu131297/acne-severity-classification/Classification/JPEGImages/levle0_16.jpg,Medium,r0f3,0,0,0.9937169551849365,0.9937169551849365,0.006247094366699457,2.3681079255766235e-05,1.2237685950822197e-05
/kaggle/input/datasets/lexuanhieu131297/acne-severity-classification/Classification/JPEGImages/levle1_258.jpg,Deep,r0f3,1,1,0.7939261794090271,0.0021445462480187416,0.7939261794090271,0.19956322014331818,0.0043660798110067844
/kaggle/input/datasets/lexuanhieu131297/acne-severity-classification/Classification/JPEGImages/levle2_32.jpg,Light,r0f4,2,2,0.9966850876808167,6.713606126140803e-05,0.0029166932217776775,0.9966850876808167,0.00033110135700553656
/kaggle/input/datasets/lexuanhieu131297/acne-severity-classification/Classification/JPEGImages/levle2_60.jpg,Deep,r0f4,2,2,0.800143301486969,0.0021050963550806046,0.15185493230819702,0.800143301486969,0.045896660536527634
/kaggle/input/datasets/lexuanhieu131297/acne-severity-classification/Classification/JPEGImages/levle0_310.jpg,Deep,r0f4,0,0,0.9890958666801453,0.9890958666801453,0.010010670870542526,0.0006702638929709792,0.00022319864365272224
/kaggle/input/datasets/lexuanhieu131297/acne-severity-classification/Classification/JPEGImages/levle0_142.jpg,Deep,r0f4,0,0,0.8314342498779297,0.8314342498779297,0.1605524867773056,0.007619946263730526,0.0003933333791792393
/kaggle/input/datasets/lexuanhieu131297/acne-severity-classification/Classification/JPEGImages/levle0_363.jpg,Medium,r0f4,0,1,0.7562993764877319,0.2363588809967041,0.7562993764877319,0.006724657956510782,0.0006169971893541515
/kaggle/input/datasets/lexuanhieu131297/acne-severity-classification/Classification/JPEGImages/levle1_523.jpg,Medium,r0f4,1,1,0.9909135103225708,0.007077897433191538,0.9909135103225708,0.001967861782759428,4.080180588061921e-05
/kaggle/input/datasets/lexuanhieu131297/acne-severity-classification/Classification/JPEGImages/levle1_551.jpg,Deep,r0f4,1,0,0.6480783224105835,0.6480783224105835,0.3496120274066925,0.0018781018443405628,0.00043151993304491043
/kaggle/input/datasets/lexuanhieu131297/acne-severity-classification/Classification/JPEGImages/levle1_325.jpg,Medium,r0f4,1,1,0.9974195957183838,0.0018471936928108335,0.9974195957183838,0.0007132005994208157,2.001577195187565e-05
/kaggle/input/datasets/lexuanhieu131297/acne-severity-classification/Classification/JPEGImages/levle1_470.jpg,Medium,r0f4,1,1,0.9304143190383911,0.0007755259866826236,0.9304143190383911,0.06872830539941788,8.189964864868671e-05
/kaggle/input/datasets/lexuanhieu131297/acne-severity-classification/Classification/JPEGImages/levle1_314.jpg,Deep,r0f4,1,2,0.8914242386817932,0.0003621223149821162,0.0975790023803711,0.8914242386817932,0.01063456479460001
/kaggle/input/datasets/lexuanhieu131297/acne-severity-classification/Classification/JPEGImages/levle0_330.jpg,Medium,r0f4,0,0,0.9965446591377258,0.9965446591377258,0.003359489608556032,6.506132922368124e-05,3.0732800951227546e-05
/kaggle/input/datasets/lexuanhieu131297/acne-severity-classification/Classification/JPEGImages/levle1_160.jpg,Deep,r0f4,1,0,0.9114479422569275,0.9114479422569275,0.08502660691738129,0.0028116866014897823,0.0007136881467886269
/kaggle/input/datasets/lexuanhieu131297/acne-severity-classification/Classification/JPEGImages/levle0_491.jpg,Deep,r0f4,0,0,0.9678804278373718,0.9678804278373718,0.031819190829992294,0.00021502503659576178,8.536415407434106e-05
/kaggle/input/datasets/lexuanhieu131297/acne-severity-classification/Classification/JPEGImages/levle2_161.jpg,Deep,r0f4,2,1,0.5260725617408752,0.00725895632058382,0.5260725617408752,0.4647109806537628,0.001957541098818183
/kaggle/input/datasets/lexuanhieu131297/acne-severity-classification/Classification/JPEGImages/levle0_334.jpg,Medium,r0f4,0,0,0.9880411624908447,0.9880411624908447,0.011902864091098309,3.882049713865854e-05,1.7025797205860727e-05
/kaggle/input/datasets/lexuanhieu131297/acne-severity-classification/Classification/JPEGImages/levle0_263.jpg,Deep,r0f4,0,0,0.9826639294624329,0.9826639294624329,0.016625231131911278,0.0005186076159588993,0.00019228139717597514
/kaggle/input/datasets/lexuanhieu131297/acne-severity-classification/Classification/JPEGImages/levle2_108.jpg,Deep,r0f4,2,2,0.8918653130531311,0.000279964879155159,0.03014768473803997,0.8918653130531311,0.07770708948373795
/kaggle/input/datasets/lexuanhieu131297/acne-severity-classification/Classification/JPEGImages/levle2_75.jpg,Deep,r0f4,2,2,0.9846226572990417,0.0002217556902905926,0.006262887269258499,0.9846226572990417,0.008892668411135674
/kaggle/input/datasets/lexuanhieu131297/acne-severity-classification/Classification/JPEGImages/levle1_17.jpg,Deep,r0f4,1,2,0.9672266840934753,0.0007829333771951497,0.023792129009962082,0.9672266840934753,0.008198285475373268
/kaggle/input/datasets/lexuanhieu131297/acne-severity-classification/Classification/JPEGImages/levle1_248.jpg,Medium,r0f4,1,1,0.9756845831871033,0.020740019157528877,0.9756845831871033,0.003494895063340664,8.05236486485228e-05
/kaggle/input/datasets/lexuanhieu131297/acne-severity-classification/Classification/JPEGImages/levle1_402.jpg,Deep,r0f4,1,0,0.9925962686538696,0.9925962686538696,0.007295357063412666,8.175953553291038e-05,2.6595329472911544e-05
/kaggle/input/datasets/lexuanhieu131297/acne-severity-classification/Classification/JPEGImages/levle0_452.jpg,Deep,r0f4,0,0,0.9227852821350098,0.9227852821350098,0.07471827417612076,0.002282892819494009,0.00021358994126785547
/kaggle/input/datasets/lexuanhieu131297/acne-severity-classification/Classification/JPEGImages/levle1_166.jpg,Medium,r0f4,1,1,0.9807850122451782,0.01783696748316288,0.9807850122451782,0.0013191995676606894,5.875946953892708e-05
/kaggle/input/datasets/lexuanhieu131297/acne-severity-classification/Classification/JPEGImages/levle1_184.jpg,Deep,r0f4,1,1,0.9667424559593201,0.002472382038831711,0.9667424559593201,0.030438575893640518,0.000346573069691658
/kaggle/input/datasets/lexuanhieu131297/acne-severity-classification/Classification/JPEGImages/levle1_310.jpg,Deep,r0f4,1,1,0.966888964176178,0.030628632754087448,0.966888964176178,0.002413118025287986,6.932947871973738e-05
/kaggle/input/datasets/lexuanhieu131297/acne-severity-classification/Classification/JPEGImages/levle1_60.jpg,Light,r0f4,1,0,0.8308477997779846,0.8308477997779846,0.16312502324581146,0.005838294513523579,0.00018895897665061057
/kaggle/input/datasets/lexuanhieu131297/acne-severity-classification/Classification/JPEGImages/levle1_418.jpg,Deep,r0f4,1,1,0.8018870949745178,0.0037941185291856527,0.8018870949745178,0.19289830327033997,0.001420530374161899
/kaggle/input/datasets/lexuanhieu131297/acne-severity-classification/Classification/JPEGImages/levle0_499.jpg,Deep,r0f4,0,0,0.9984332919120789,0.9984332919120789,0.0015076948329806328,3.489082519081421e-05,2.4168168238247745e-05
/kaggle/input/datasets/lexuanhieu131297/acne-severity-classification/Classification/JPEGImages/levle0_124.jpg,Deep,r0f4,0,0,0.5969127416610718,0.5969127416610718,0.40153172612190247,0.00145381735637784,0.00010167605069000274
/kaggle/input/datasets/lexuanhieu131297/acne-severity-classification/Classification/JPEGImages/levle1_116.jpg,Deep,r0f4,1,0,0.966156542301178,0.966156542301178,0.03361348807811737,0.00019619872909970582,3.3762895327527076e-05
/kaggle/input/datasets/lexuanhieu131297/acne-severity-classification/Classification/JPEGImages/levle1_18.jpg,Deep,r0f4,1,1,0.9729639291763306,0.0008302244241349399,0.9729639291763306,0.026036448776721954,0.00016933048027567565
/kaggle/input/datasets/lexuanhieu131297/acne-severity-classification/Classification/JPEGImages/levle1_215.jpg,Deep,r0f4,1,1,0.9812352657318115,0.017245521768927574,0.9812352657318115,0.0014781116042286158,4.1039551433641464e-05
/kaggle/input/datasets/lexuanhieu131297/acne-severity-classification/Classification/JPEGImages/levle3_63.jpg,Light,r0f4,3,1,0.5482934713363647,0.0757039412856102,0.5482934713363647,0.35452383756637573,0.021478760987520218
/kaggle/input/datasets/lexuanhieu131297/acne-severity-classification/Classification/JPEGImages/levle1_282.jpg,Light,r0f4,1,1,0.9809495806694031,0.01777040958404541,0.9809495806694031,0.0012346489820629358,4.541341695585288e-05
/kaggle/input/datasets/lexuanhieu131297/acne-severity-classification/Classification/JPEGImages/levle1_145.jpg,Medium,r0f4,1,1,0.993304431438446,0.005213656462728977,0.993304431438446,0.0014516733353957534,3.015795664396137e-05
/kaggle/input/datasets/lexuanhieu131297/acne-severity-classification/Classification/JPEGImages/levle0_412.jpg,Deep,r0f4,0,1,0.8598830699920654,0.13779151439666748,0.8598830699920654,0.0020698984153568745,0.0002555601531639695
/kaggle/input/datasets/lexuanhieu131297/acne-severity-classification/Classification/JPEGImages/levle1_462.jpg,Deep,r0f4,1,1,0.9811097383499146,0.000325291242916137,0.9811097383499146,0.01851293072104454,5.207524009165354e-05
/kaggle/input/datasets/lexuanhieu131297/acne-severity-classification/Classification/JPEGImages/levle1_605.jpg,Medium,r0f4,1,1,0.7149502635002136,0.008226570673286915,0.7149502635002136,0.27349284291267395,0.0033303333912044764
/kaggle/input/datasets/lexuanhieu131297/acne-severity-classification/Classification/JPEGImages/levle0_222.jpg,Medium,r0f4,0,0,0.8726314902305603,0.8726314902305603,0.12316260486841202,0.0039014844223856926,0.00030439652618952096
/kaggle/input/datasets/lexuanhieu131297/acne-severity-classification/Classification/JPEGImages/levle0_362.jpg,Medium,r0f4,0,0,0.9975113868713379,0.9975113868713379,0.0023892077151685953,6.706061685690656e-05,3.236512202420272e-05
/kaggle/input/datasets/lexuanhieu131297/acne-severity-classification/Classification/JPEGImages/levle3_56.jpg,Medium,r0f4,3,3,0.9998515844345093,7.126353466446744e-06,1.0450105946802069e-05,0.00013083749217912555,0.9998515844345093
/kaggle/input/datasets/lexuanhieu131297/acne-severity-classification/Classification/JPEGImages/levle1_355.jpg,Deep,r0f4,1,1,0.783283531665802,0.2102011740207672,0.783283531665802,0.006003850139677525,0.0005114580853842199
/kaggle/input/datasets/lexuanhieu131297/acne-severity-classification/Classification/JPEGImages/levle2_90.jpg,Light,r0f4,2,1,0.726855456829071,0.03168727084994316,0.726855456829071,0.24110004305839539,0.00035720819141715765
/kaggle/input/datasets/lexuanhieu131297/acne-severity-classification/Classification/JPEGImages/levle2_110.jpg,Deep,r0f4,2,2,0.9548243880271912,0.00010500923963263631,0.02929440513253212,0.9548243880271912,0.01577616296708584
/kaggle/input/datasets/lexuanhieu131297/acne-severity-classification/Classification/JPEGImages/levle1_417.jpg,Deep,r0f4,1,1,0.977741003036499,0.0185396708548069,0.977741003036499,0.003461458720266819,0.00025794998509809375
/kaggle/input/datasets/lexuanhieu131297/acne-severity-classification/Classification/JPEGImages/levle3_122.jpg,Deep,r0f4,3,3,0.9939720034599304,3.2886364351725206e-05,0.00015597546007484198,0.005839198362082243,0.9939720034599304
/kaggle/input/datasets/lexuanhieu131297/acne-severity-classification/Classification/JPEGImages/levle2_47.jpg,Deep,r0f4,2,2,0.7850446105003357,0.00016772470553405583,0.002875899663195014,0.7850446105003357,0.21191181242465973
/kaggle/input/datasets/lexuanhieu131297/acne-severity-classification/Classification/JPEGImages/levle0_498.jpg,Medium,r0f4,0,0,0.9993809461593628,0.9993809461593628,0.0005912708002142608,1.9136739865643904e-05,8.625605005363468e-06
/kaggle/input/datasets/lexuanhieu131297/acne-severity-classification/Classification/JPEGImages/levle1_617.jpg,Deep,r0f4,1,1,0.8721134662628174,0.12213160842657089,0.8721134662628174,0.0056236120872199535,0.00013135367771610618
/kaggle/input/datasets/lexuanhieu131297/acne-severity-classification/Classification/JPEGImages/levle1_600.jpg,Deep,r0f4,1,1,0.9804040789604187,0.00029024347895756364,0.9804040789604187,0.019283579662442207,2.2120424546301365e-05
/kaggle/input/datasets/lexuanhieu131297/acne-severity-classification/Classification/JPEGImages/levle1_260.jpg,Deep,r0f4,1,1,0.9557905793190002,0.018132302910089493,0.9557905793190002,0.025334516540169716,0.0007425853982567787
/kaggle/input/datasets/lexuanhieu131297/acne-severity-classification/Classification/JPEGImages/levle3_141.jpg,Deep,r0f4,3,3,0.8947972655296326,0.0051468973979353905,0.018734866753220558,0.08132096379995346,0.8947972655296326
/kaggle/input/datasets/lexuanhieu131297/acne-severity-classification/Classification/JPEGImages/levle1_406.jpg,Deep,r0f4,1,1,0.9820802211761475,0.0010049192933365703,0.9820802211761475,0.016897622495889664,1.7256856153835543e-05
/kaggle/input/datasets/lexuanhieu131297/acne-severity-classification/Classification/JPEGImages/levle0_212.jpg,Deep,r0f4,0,1,0.5537236928939819,0.44492948055267334,0.5537236928939819,0.0010964266257360578,0.00025044745416380465
/kaggle/input/datasets/lexuanhieu131297/acne-severity-classification/Classification/JPEGImages/levle0_181.jpg,Deep,r0f4,0,0,0.9187064170837402,0.9187064170837402,0.08106345683336258,0.00017560231208335608,5.461196997202933e-05
/kaggle/input/datasets/lexuanhieu131297/acne-severity-classification/Classification/JPEGImages/levle2_189.jpg,Deep,r0f4,2,2,0.945198118686676,0.00033555657137185335,0.053428683429956436,0.945198118686676,0.0010376322316005826
/kaggle/input/datasets/lexuanhieu131297/acne-severity-classification/Classification/JPEGImages/levle1_53.jpg,Deep,r0f4,1,0,0.8912733793258667,0.8912733793258667,0.1080181822180748,0.0006354368524625897,7.298473065020517e-05
/kaggle/input/datasets/lexuanhieu131297/acne-severity-classification/Classification/JPEGImages/levle3_59.jpg,Light,r0f4,3,3,0.9981468915939331,4.273686499800533e-05,0.00010577476496109739,0.001704619382508099,0.9981468915939331
/kaggle/input/datasets/lexuanhieu131297/acne-severity-classification/Classification/JPEGImages/levle1_641.jpg,Deep,r0f4,1,2,0.9763829708099365,0.0005560771678574383,0.020413147285580635,0.9763829708099365,0.002647719345986843
/kaggle/input/datasets/lexuanhieu131297/acne-severity-classification/Classification/JPEGImages/levle0_207.jpg,Medium,r0f4,0,0,0.9983751773834229,0.9983751773834229,0.0015979974996298552,2.3423228412866592e-05,3.335122755743214e-06
/kaggle/input/datasets/lexuanhieu131297/acne-severity-classification/Classification/JPEGImages/levle0_478.jpg,Deep,r0f4,0,0,0.990098774433136,0.990098774433136,0.009869076311588287,2.1483361706486903e-05,1.0676659258024301e-05
/kaggle/input/datasets/lexuanhieu131297/acne-severity-classification/Classification/JPEGImages/levle1_154.jpg,Deep,r0f4,1,1,0.9931654334068298,0.0020270091481506824,0.9931654334068298,0.004694562871009111,0.00011291341070318595
/kaggle/input/datasets/lexuanhieu131297/acne-severity-classification/Classification/JPEGImages/levle0_103.jpg,Medium,r0f4,0,0,0.9972169399261475,0.9972169399261475,0.002524301875382662,0.00016722900909371674,9.145514923147857e-05
/kaggle/input/datasets/lexuanhieu131297/acne-severity-classification/Classification/JPEGImages/levle0_448.jpg,Medium,r0f4,0,2,0.5022352337837219,0.0037239007651805878,0.4934840500354767,0.5022352337837219,0.0005567612242884934
/kaggle/input/datasets/lexuanhieu131297/acne-severity-classification/Classification/JPEGImages/levle1_130.jpg,Deep,r0f4,1,0,0.5522434115409851,0.5522434115409851,0.445476770401001,0.001896785688586533,0.00038310408126562834
/kaggle/input/datasets/lexuanhieu131297/acne-severity-classification/Classification/JPEGImages/levle1_243.jpg,Deep,r0f4,1,2,0.5918208956718445,0.0058761355467140675,0.3996647000312805,0.5918208956718445,0.0026382559444755316
/kaggle/input/datasets/lexuanhieu131297/acne-severity-classification/Classification/JPEGImages/levle0_326.jpg,Deep,r0f4,0,0,0.9346402883529663,0.9346402883529663,0.0634789690375328,0.0012449159985408187,0.0006358408136293292
/kaggle/input/datasets/lexuanhieu131297/acne-severity-classification/Classification/JPEGImages/levle3_109.jpg,Medium,r0f4,3,3,0.9998093247413635,3.1375582238979405e-06,9.257889360014815e-06,0.00017830291471909732,0.9998093247413635
/kaggle/input/datasets/lexuanhieu131297/acne-severity-classification/Classification/JPEGImages/levle2_84.jpg,Deep,r0f4,2,2,0.8241409659385681,0.0008751897257752717,0.17393428087234497,0.8241409659385681,0.001049512648023665
/kaggle/input/datasets/lexuanhieu131297/acne-severity-classification/Classification/JPEGImages/levle1_128.jpg,Medium,r0f4,1,1,0.9199656844139099,0.07814109325408936,0.9199656844139099,0.0017794236773625016,0.0001137547442340292
/kaggle/input/datasets/lexuanhieu131297/acne-severity-classification/Classification/JPEGImages/levle0_94.jpg,Deep,r0f4,0,0,0.9654678106307983,0.9654678106307983,0.033442240208387375,0.0007784627377986908,0.0003114707942586392
/kaggle/input/datasets/lexuanhieu131297/acne-severity-classification/Classification/JPEGImages/levle0_90.jpg,Deep,r0f4,0,0,0.779596209526062,0.779596209526062,0.2186105102300644,0.0013333337847143412,0.00045988871715962887
/kaggle/input/datasets/lexuanhieu131297/acne-severity-classification/Classification/JPEGImages/levle1_88.jpg,Deep,r0f4,1,1,0.7271499037742615,0.2582624852657318,0.7271499037742615,0.01359416265040636,0.0009934509871527553
/kaggle/input/datasets/lexuanhieu131297/acne-severity-classification/Classification/JPEGImages/levle1_66.jpg,Medium,r0f4,1,1,0.9297199845314026,0.06941874325275421,0.9297199845314026,0.0007438053726218641,0.00011745746451197192
/kaggle/input/datasets/lexuanhieu131297/acne-severity-classification/Classification/JPEGImages/levle1_532.jpg,Deep,r0f4,1,1,0.9060394763946533,0.09050200134515762,0.9060394763946533,0.0031180500518530607,0.000340399332344532
/kaggle/input/datasets/lexuanhieu131297/acne-severity-classification/Classification/JPEGImages/levle0_33.jpg,Medium,r0f4,0,1,0.8046908378601074,0.18470841646194458,0.8046908378601074,0.009875603951513767,0.0007252342184074223
/kaggle/input/datasets/lexuanhieu131297/acne-severity-classification/Classification/JPEGImages/levle1_612.jpg,Deep,r0f4,1,1,0.9022213816642761,0.006471188738942146,0.9022213816642761,0.090142622590065,0.001164761371910572
/kaggle/input/datasets/lexuanhieu131297/acne-severity-classification/Classification/JPEGImages/levle0_6.jpg,Light,r0f4,0,0,0.650480329990387,0.650480329990387,0.168162003159523,0.12827493250370026,0.05308273062109947
/kaggle/input/datasets/lexuanhieu131297/acne-severity-classification/Classification/JPEGImages/levle0_468.jpg,Medium,r0f4,0,0,0.830328106880188,0.830328106880188,0.16935162246227264,0.000257611129200086,6.263903924264014e-05
/kaggle/input/datasets/lexuanhieu131297/acne-severity-classification/Classification/JPEGImages/levle0_377.jpg,Medium,r0f4,0,0,0.9710180163383484,0.9710180163383484,0.02847561612725258,0.00040145067032426596,0.00010492940054973587
/kaggle/input/datasets/lexuanhieu131297/acne-severity-classification/Classification/JPEGImages/levle0_167.jpg,Deep,r0f4,0,1,0.6555575728416443,0.3090592622756958,0.6555575728416443,0.033641472458839417,0.0017416310729458928
/kaggle/input/datasets/lexuanhieu131297/acne-severity-classification/Classification/JPEGImages/levle1_350.jpg,Deep,r0f4,1,1,0.9401364326477051,0.05496351048350334,0.9401364326477051,0.004448243882507086,0.0004517619381658733
/kaggle/input/datasets/lexuanhieu131297/acne-severity-classification/Classification/JPEGImages/levle2_105.jpg,Medium,r0f4,2,1,0.9396255016326904,0.02131366916000843,0.9396255016326904,0.037764519453048706,0.0012963386252522469
/kaggle/input/datasets/lexuanhieu131297/acne-severity-classification/Classification/JPEGImages/levle3_61.jpg,Light,r0f4,3,3,0.9930904507637024,5.291745765134692e-05,0.00013460264017339796,0.006722091231495142,0.9930904507637024
/kaggle/input/datasets/lexuanhieu131297/acne-severity-classification/Classification/JPEGImages/levle1_634.jpg,Medium,r0f4,1,1,0.988775372505188,0.00446414016187191,0.988775372505188,0.006649316754192114,0.00011110464402008802
/kaggle/input/datasets/lexuanhieu131297/acne-severity-classification/Classification/JPEGImages/levle1_205.jpg,Deep,r0f4,1,1,0.9548072218894958,0.009867473505437374,0.9548072218894958,0.03424801677465439,0.0010772377718240023
/kaggle/input/datasets/lexuanhieu131297/acne-severity-classification/Classification/JPEGImages/levle1_300.jpg,Medium,r0f4,1,0,0.5744457840919495,0.5744457840919495,0.42439788579940796,0.0009283666149713099,0.00022795078984927386
/kaggle/input/datasets/lexuanhieu131297/acne-severity-classification/Classification/JPEGImages/levle1_79.jpg,Deep,r0f4,1,1,0.9831423759460449,0.014772781170904636,0.9831423759460449,0.0020321884658187628,5.2798244723817334e-05
/kaggle/input/datasets/lexuanhieu131297/acne-severity-classification/Classification/JPEGImages/levle3_143.jpg,Medium,r0f4,3,3,0.9976796507835388,8.696722215972841e-05,0.00021108270448166877,0.0020223502069711685,0.9976796507835388
/kaggle/input/datasets/lexuanhieu131297/acne-severity-classification/Classification/JPEGImages/levle1_137.jpg,Deep,r0f4,1,1,0.8874524831771851,0.10914222151041031,0.8874524831771851,0.00281905522570014,0.0005863076075911522
/kaggle/input/datasets/lexuanhieu131297/acne-severity-classification/Classification/JPEGImages/levle0_202.jpg,Medium,r0f4,0,0,0.9991735816001892,0.9991735816001892,0.0007740202127024531,3.842345904558897e-05,1.3888901776226703e-05
/kaggle/input/datasets/lexuanhieu131297/acne-severity-classification/Classification/JPEGImages/levle1_122.jpg,Deep,r0f4,1,1,0.999921441078186,3.8678186683682725e-05,0.999921441078186,3.982809721492231e-05,2.981651192612844e-08
/kaggle/input/datasets/lexuanhieu131297/acne-severity-classification/Classification/JPEGImages/levle0_381.jpg,Deep,r0f4,0,0,0.9675059914588928,0.9675059914588928,0.0309489406645298,0.0012082521570846438,0.0003368326579220593
/kaggle/input/datasets/lexuanhieu131297/acne-severity-classification/Classification/JPEGImages/levle1_385.jpg,Deep,r0f4,1,1,0.9893452525138855,0.009348574094474316,0.9893452525138855,0.001264825346879661,4.1378745663678274e-05
/kaggle/input/datasets/lexuanhieu131297/acne-severity-classification/Classification/JPEGImages/levle1_382.jpg,Deep,r0f4,1,1,0.9669511914253235,0.0017951445188373327,0.9669511914253235,0.031158573925495148,9.513917029835284e-05
/kaggle/input/datasets/lexuanhieu131297/acne-severity-classification/Classification/JPEGImages/levle0_473.jpg,Deep,r0f4,0,0,0.9263362884521484,0.9263362884521484,0.07355505973100662,8.462344703730196e-05,2.4056345864664763e-05
/kaggle/input/datasets/lexuanhieu131297/acne-severity-classification/Classification/JPEGImages/levle1_322.jpg,Medium,r0f4,1,1,0.5463359951972961,0.45204469561576843,0.5463359951972961,0.001310005085542798,0.00030933564994484186
/kaggle/input/datasets/lexuanhieu131297/acne-severity-classification/Classification/JPEGImages/levle2_146.jpg,Deep,r0f4,2,2,0.9981776475906372,9.800531188375317e-06,0.0014630754012614489,0.9981776475906372,0.00034955303999595344
/kaggle/input/datasets/lexuanhieu131297/acne-severity-classification/Classification/JPEGImages/levle1_275.jpg,Deep,r0f4,1,1,0.8576951622962952,0.00350520433858037,0.8576951622962952,0.13730676472187042,0.001492918934673071
/kaggle/input/datasets/lexuanhieu131297/acne-severity-classification/Classification/JPEGImages/levle1_405.jpg,Deep,r0f4,1,1,0.5436713695526123,0.0006254816544242203,0.5436713695526123,0.4551424980163574,0.0005606781342066824
/kaggle/input/datasets/lexuanhieu131297/acne-severity-classification/Classification/JPEGImages/levle2_116.jpg,Medium,r0f4,2,3,0.9427518844604492,0.00944313034415245,0.023167453706264496,0.024637553840875626,0.9427518844604492
/kaggle/input/datasets/lexuanhieu131297/acne-severity-classification/Classification/JPEGImages/levle1_308.jpg,Medium,r0f4,1,0,0.9543085694313049,0.9543085694313049,0.04507161304354668,0.00043163076043128967,0.00018819757679011673
/kaggle/input/datasets/lexuanhieu131297/acne-severity-classification/Classification/JPEGImages/levle2_78.jpg,Deep,r0f4,2,2,0.9795134663581848,1.40478241519304e-05,0.019407687708735466,0.9795134663581848,0.001064853509888053
/kaggle/input/datasets/lexuanhieu131297/acne-severity-classification/Classification/JPEGImages/levle1_335.jpg,Deep,r0f4,1,1,0.7093021869659424,0.2697470784187317,0.7093021869659424,0.01986752264201641,0.0010831860126927495
/kaggle/input/datasets/lexuanhieu131297/acne-severity-classification/Classification/JPEGImages/levle0_135.jpg,Deep,r0f4,0,1,0.6552028656005859,0.34258076548576355,0.6552028656005859,0.001876627211458981,0.00033976256963796914
/kaggle/input/datasets/lexuanhieu131297/acne-severity-classification/Classification/JPEGImages/levle1_56.jpg,Medium,r0f4,1,1,0.9938600063323975,0.00012828747276216745,0.9938600063323975,0.005996912717819214,1.4821374861639924e-05
/kaggle/input/datasets/lexuanhieu131297/acne-severity-classification/Classification/JPEGImages/levle1_21.jpg,Deep,r0f4,1,0,0.5919299125671387,0.5919299125671387,0.3435879051685333,0.0594157949090004,0.005066478159278631
/kaggle/input/datasets/lexuanhieu131297/acne-severity-classification/Classification/JPEGImages/levle0_351.jpg,Medium,r0f4,0,0,0.9733948707580566,0.9733948707580566,0.026118027046322823,0.0003802727733273059,0.00010684269363991916
/kaggle/input/datasets/lexuanhieu131297/acne-severity-classification/Classification/JPEGImages/levle1_525.jpg,Medium,r0f4,1,1,0.9965378046035767,0.003278041258454323,0.9965378046035767,0.00017754601140040904,6.594665592274396e-06
/kaggle/input/datasets/lexuanhieu131297/acne-severity-classification/Classification/JPEGImages/levle1_38.jpg,Deep,r0f4,1,1,0.9243186116218567,0.07318013906478882,0.9243186116218567,0.0023363458458334208,0.00016500118363182992
/kaggle/input/datasets/lexuanhieu131297/acne-severity-classification/Classification/JPEGImages/levle0_225.jpg,Deep,r0f4,0,1,0.7145360708236694,0.08642947673797607,0.7145360708236694,0.11201201379299164,0.0870223268866539
/kaggle/input/datasets/lexuanhieu131297/acne-severity-classification/Classification/JPEGImages/levle2_137.jpg,Deep,r0f4,2,1,0.9525089263916016,0.00030849280301481485,0.9525089263916016,0.04709955304861069,8.30297140055336e-05
/kaggle/input/datasets/lexuanhieu131297/acne-severity-classification/Classification/JPEGImages/levle1_383.jpg,Deep,r0f4,1,0,0.6579144597053528,0.6579144597053528,0.34065553545951843,0.0012071880046278238,0.00022287160390987992
/kaggle/input/datasets/lexuanhieu131297/acne-severity-classification/Classification/JPEGImages/levle1_453.jpg,Medium,r0f4,1,1,0.4951499104499817,0.06813302636146545,0.4951499104499817,0.3948643207550049,0.04185274615883827
/kaggle/input/datasets/lexuanhieu131297/acne-severity-classification/Classification/JPEGImages/levle1_548.jpg,Deep,r0f4,1,1,0.9357247948646545,0.03844323754310608,0.9357247948646545,0.024887565523386,0.000944484316278249
/kaggle/input/datasets/lexuanhieu131297/acne-severity-classification/Classification/JPEGImages/levle1_189.jpg,Deep,r0f4,1,1,0.961004376411438,0.0006226205732673407,0.961004376411438,0.0380714014172554,0.00030166824581101537
/kaggle/input/datasets/lexuanhieu131297/acne-severity-classification/Classification/JPEGImages/levle1_543.jpg,Deep,r0f4,1,1,0.9946480393409729,0.0015980676980689168,0.9946480393409729,0.003706558607518673,4.732407978735864e-05
/kaggle/input/datasets/lexuanhieu131297/acne-severity-classification/Classification/JPEGImages/levle1_55.jpg,Deep,r0f4,1,1,0.9879980087280273,0.01193726621568203,0.9879980087280273,6.251879676710814e-05,2.1900070805713767e-06
/kaggle/input/datasets/lexuanhieu131297/acne-severity-classification/Classification/JPEGImages/levle1_272.jpg,Deep,r0f4,1,1,0.9318608045578003,0.06697844713926315,0.9318608045578003,0.0010370728559792042,0.00012361901463009417
/kaggle/input/datasets/lexuanhieu131297/acne-severity-classification/Classification/JPEGImages/levle1_63.jpg,Medium,r0f4,1,1,0.9970245957374573,0.002154520945623517,0.9970245957374573,0.0007984305266290903,2.2495425582746975e-05
/kaggle/input/datasets/lexuanhieu131297/acne-severity-classification/Classification/JPEGImages/levle0_111.jpg,Medium,r0f4,0,1,0.6024714708328247,0.3905072808265686,0.6024714708328247,0.00621410459280014,0.0008071916527114809
/kaggle/input/datasets/lexuanhieu131297/acne-severity-classification/Classification/JPEGImages/levle1_380.jpg,Deep,r0f4,1,0,0.9515437483787537,0.9515437483787537,0.04826180264353752,0.00014671577082481235,4.781806273967959e-05
/kaggle/input/datasets/lexuanhieu131297/acne-severity-classification/Classification/JPEGImages/levle1_494.jpg,Deep,r0f4,1,1,0.9520489573478699,0.04609868302941322,0.9520489573478699,0.0017503020353615284,0.00010207897139480338
/kaggle/input/datasets/lexuanhieu131297/acne-severity-classification/Classification/JPEGImages/levle3_125.jpg,Deep,r0f4,3,3,0.9992969036102295,6.24970780336298e-05,8.024783164728433e-05,0.0005603038007393479,0.9992969036102295
/kaggle/input/datasets/lexuanhieu131297/acne-severity-classification/Classification/JPEGImages/levle1_52.jpg,Medium,r0f4,1,1,0.985201895236969,0.0035531928297132254,0.985201895236969,0.011182286776602268,6.258586654439569e-05
/kaggle/input/datasets/lexuanhieu131297/acne-severity-classification/Classification/JPEGImages/levle1_77.jpg,Deep,r0f4,1,1,0.9381471872329712,0.0015340191312134266,0.9381471872329712,0.06003233417868614,0.0002865497372113168
/kaggle/input/datasets/lexuanhieu131297/acne-severity-classification/Classification/JPEGImages/levle1_615.jpg,Deep,r0f4,1,1,0.9812054634094238,0.010699822567403316,0.9812054634094238,0.008013797923922539,8.097928366623819e-05
/kaggle/input/datasets/lexuanhieu131297/acne-severity-classification/Classification/JPEGImages/levle0_328.jpg,Deep,r0f4,0,0,0.8643506765365601,0.8643506765365601,0.13490308821201324,0.0005654956912621856,0.0001807432563509792
/kaggle/input/datasets/lexuanhieu131297/acne-severity-classification/Classification/JPEGImages/levle2_155.jpg,Deep,r0f4,2,2,0.9972838163375854,4.482991698750993e-06,0.0024123983457684517,0.9972838163375854,0.00029930484015494585
/kaggle/input/datasets/lexuanhieu131297/acne-severity-classification/Classification/JPEGImages/levle0_44.jpg,Deep,r0f4,0,1,0.8133789300918579,0.17693926393985748,0.8133789300918579,0.00922304205596447,0.00045874001807533205
/kaggle/input/datasets/lexuanhieu131297/acne-severity-classification/Classification/JPEGImages/levle3_104.jpg,Deep,r0f4,3,3,0.5992646217346191,0.0009628183906897902,0.004069482441991568,0.39570310711860657,0.5992646217346191
/kaggle/input/datasets/lexuanhieu131297/acne-severity-classification/Classification/JPEGImages/levle0_213.jpg,Deep,r0f4,0,0,0.8137206435203552,0.8137206435203552,0.18281105160713196,0.0026564954314380884,0.0008117693359963596
/kaggle/input/datasets/lexuanhieu131297/acne-severity-classification/Classification/JPEGImages/levle0_276.jpg,Medium,r0f4,0,0,0.9564744234085083,0.9564744234085083,0.04289528727531433,0.0004394229908939451,0.00019084814994130284
/kaggle/input/datasets/lexuanhieu131297/acne-severity-classification/Classification/JPEGImages/levle0_204.jpg,Medium,r0f4,0,0,0.5872377753257751,0.5872377753257751,0.41236719489097595,0.000301559193758294,9.34186828089878e-05
/kaggle/input/datasets/lexuanhieu131297/acne-severity-classification/Classification/JPEGImages/levle0_109.jpg,Medium,r0f4,0,0,0.9977769255638123,0.9977769255638123,0.0021640241611748934,4.116473064641468e-05,1.78784757736139e-05
/kaggle/input/datasets/lexuanhieu131297/acne-severity-classification/Classification/JPEGImages/levle1_339.jpg,Medium,r0f4,1,1,0.8538170456886292,0.14157673716545105,0.8538170456886292,0.004127556458115578,0.0004787335346918553
/kaggle/input/datasets/lexuanhieu131297/acne-severity-classification/Classification/JPEGImages/levle0_197.jpg,Medium,r0f4,0,0,0.9351337552070618,0.9351337552070618,0.06476515531539917,8.119733683997765e-05,1.9976139810751192e-05
/kaggle/input/datasets/lexuanhieu131297/acne-severity-classification/Classification/JPEGImages/levle1_338.jpg,Medium,r0f4,1,1,0.982052743434906,0.011601895093917847,0.982052743434906,0.006203985307365656,0.0001414147554896772
/kaggle/input/datasets/lexuanhieu131297/acne-severity-classification/Classification/JPEGImages/levle1_465.jpg,Medium,r0f4,1,2,0.9002313017845154,0.001418396015651524,0.09699159860610962,0.9002313017845154,0.0013587401481345296
/kaggle/input/datasets/lexuanhieu131297/acne-severity-classification/Classification/JPEGImages/levle3_55.jpg,Deep,r0f4,3,3,0.998884379863739,2.0360832422738895e-05,7.260961865540594e-05,0.0010226134909316897,0.998884379863739
/kaggle/input/datasets/lexuanhieu131297/acne-severity-classification/Classification/JPEGImages/levle1_359.jpg,Deep,r0f4,1,1,0.9525126218795776,0.04551708325743675,0.9525126218795776,0.0018823872087523341,8.786864054854959e-05
/kaggle/input/datasets/lexuanhieu131297/acne-severity-classification/Classification/JPEGImages/levle0_156.jpg,Deep,r0f4,0,0,0.9860255122184753,0.9860255122184753,0.013860371895134449,9.758603118825704e-05,1.653275830904022e-05
/kaggle/input/datasets/lexuanhieu131297/acne-severity-classification/Classification/JPEGImages/levle0_261.jpg,Deep,r0f4,0,1,0.9611431956291199,0.03462289273738861,0.9611431956291199,0.0032310623209923506,0.0010028932010754943
/kaggle/input/datasets/lexuanhieu131297/acne-severity-classification/Classification/JPEGImages/levle3_4.jpg,Deep,r0f4,3,3,0.9918890595436096,0.0007797154248692095,0.001141146058216691,0.006190098822116852,0.9918890595436096
/kaggle/input/datasets/lexuanhieu131297/acne-severity-classification/Classification/JPEGImages/levle0_407.jpg,Medium,r0f4,0,0,0.9145420789718628,0.9145420789718628,0.08489968627691269,0.00043860560981556773,0.00011967414320679381
/kaggle/input/datasets/lexuanhieu131297/acne-severity-classification/Classification/JPEGImages/levle0_170.jpg,Deep,r0f4,0,0,0.8073614835739136,0.8073614835739136,0.190458744764328,0.0015585743822157383,0.000621170096565038
/kaggle/input/datasets/lexuanhieu131297/acne-severity-classification/Classification/JPEGImages/levle0_223.jpg,Medium,r0f4,0,0,0.9479308724403381,0.9479308724403381,0.051379669457674026,0.0005548386834561825,0.0001346477074548602
/kaggle/input/datasets/lexuanhieu131297/acne-severity-classification/Classification/JPEGImages/levle0_0.jpg,Light,r0f4,0,0,0.8643076419830322,0.8643076419830322,0.1294754594564438,0.005492233205586672,0.000724657962564379
/kaggle/input/datasets/lexuanhieu131297/acne-severity-classification/Classification/JPEGImages/levle0_110.jpg,Deep,r0f4,0,0,0.9942888021469116,0.9942888021469116,0.005331833381205797,0.0002464227727614343,0.00013293510710354894
/kaggle/input/datasets/lexuanhieu131297/acne-severity-classification/Classification/JPEGImages/levle3_68.jpg,Light,r0f4,3,3,0.9943460822105408,3.302749973954633e-05,0.00012391629570629448,0.005497037898749113,0.9943460822105408
/kaggle/input/datasets/lexuanhieu131297/acne-severity-classification/Classification/JPEGImages/levle1_304.jpg,Deep,r0f4,1,1,0.7395625114440918,0.2555859684944153,0.7395625114440918,0.004004059825092554,0.0008475329377688468
/kaggle/input/datasets/lexuanhieu131297/acne-severity-classification/Classification/JPEGImages/levle1_106.jpg,Medium,r0f4,1,1,0.6596768498420715,0.2887549102306366,0.6596768498420715,0.044325266033411026,0.007242970634251833
/kaggle/input/datasets/lexuanhieu131297/acne-severity-classification/Classification/JPEGImages/levle1_177.jpg,Medium,r0f4,1,1,0.9659597277641296,0.0022758212871849537,0.9659597277641296,0.03163224086165428,0.00013221020344644785
/kaggle/input/datasets/lexuanhieu131297/acne-severity-classification/Classification/JPEGImages/levle2_158.jpg,Deep,r0f4,2,1,0.6755197048187256,0.004605269059538841,0.6755197048187256,0.3150675594806671,0.004807464778423309
/kaggle/input/datasets/lexuanhieu131297/acne-severity-classification/Classification/JPEGImages/levle3_88.jpg,Deep,r0f4,3,2,0.9716432094573975,0.0005620921147055924,0.018907062709331512,0.9716432094573975,0.008887561038136482
/kaggle/input/datasets/lexuanhieu131297/acne-severity-classification/Classification/JPEGImages/levle1_294.jpg,Deep,r0f4,1,0,0.5487300753593445,0.5487300753593445,0.4461144208908081,0.004222465213388205,0.0009330034372396767
/kaggle/input/datasets/lexuanhieu131297/acne-severity-classification/Classification/JPEGImages/levle0_415.jpg,Medium,r0f4,0,0,0.6734501123428345,0.6734501123428345,0.32565921545028687,0.0006877672276459634,0.00020290691463742405
/kaggle/input/datasets/lexuanhieu131297/acne-severity-classification/Classification/JPEGImages/levle1_373.jpg,Deep,r0f4,1,1,0.9770797491073608,0.01855938695371151,0.9770797491073608,0.004267270676791668,9.354263602290303e-05
/kaggle/input/datasets/lexuanhieu131297/acne-severity-classification/Classification/JPEGImages/levle0_307.jpg,Deep,r0f4,0,0,0.9864442944526672,0.9864442944526672,0.013387242332100868,0.00013137214409653097,3.712765465024859e-05
/kaggle/input/datasets/lexuanhieu131297/acne-severity-classification/Classification/JPEGImages/levle2_93.jpg,Medium,r0f4,2,2,0.5633100867271423,0.0023891546297818422,0.014865821227431297,0.5633100867271423,0.41943493485450745
/kaggle/input/datasets/lexuanhieu131297/acne-severity-classification/Classification/JPEGImages/levle1_195.jpg,Medium,r0f4,1,1,0.996311604976654,0.0028176296036690474,0.996311604976654,0.0008427076390944421,2.797598972392734e-05
/kaggle/input/datasets/lexuanhieu131297/acne-severity-classification/Classification/JPEGImages/levle0_497.jpg,Medium,r0f4,0,0,0.996672511100769,0.996672511100769,0.003266500076279044,4.632191121345386e-05,1.457583493902348e-05
/kaggle/input/datasets/lexuanhieu131297/acne-severity-classification/Classification/JPEGImages/levle1_337.jpg,Deep,r0f4,1,1,0.9441105127334595,0.0028338877018541098,0.9441105127334595,0.05259115248918533,0.0004644300788640976
/kaggle/input/datasets/lexuanhieu131297/acne-severity-classification/Classification/JPEGImages/levle1_510.jpg,Medium,r0f4,1,1,0.9988356232643127,0.001026565907523036,0.9988356232643127,0.00013485352974385023,3.0262199288699776e-06
/kaggle/input/datasets/lexuanhieu131297/acne-severity-classification/Classification/JPEGImages/levle0_193.jpg,Deep,r0f4,0,1,0.5042939186096191,0.49357500672340393,0.5042939186096191,0.001685373717918992,0.0004457082541193813
/kaggle/input/datasets/lexuanhieu131297/acne-severity-classification/Classification/JPEGImages/levle2_99.jpg,Medium,r0f4,2,1,0.9613804817199707,0.0029657213017344475,0.9613804817199707,0.03545702248811722,0.00019676002557389438
/kaggle/input/datasets/lexuanhieu131297/acne-severity-classification/Classification/JPEGImages/levle1_479.jpg,Deep,r0f4,1,1,0.985749363899231,0.011973144486546516,0.985749363899231,0.002242215909063816,3.5264478356111795e-05
/kaggle/input/datasets/lexuanhieu131297/acne-severity-classification/Classification/JPEGImages/levle0_505.jpg,Medium,r0f4,0,0,0.9987217783927917,0.9987217783927917,0.0012378314277157187,3.073984771617688e-05,9.691631930763833e-06
/kaggle/input/datasets/lexuanhieu131297/acne-severity-classification/Classification/JPEGImages/levle3_1.jpg,Deep,r0f4,3,3,0.9983301758766174,2.379101533733774e-05,5.911379412282258e-05,0.0015868456102907658,0.9983301758766174
/kaggle/input/datasets/lexuanhieu131297/acne-severity-classification/Classification/JPEGImages/levle0_320.jpg,Deep,r0f4,0,1,0.7961914539337158,0.1592094451189041,0.7961914539337158,0.04113868996500969,0.003460327163338661
/kaggle/input/datasets/lexuanhieu131297/acne-severity-classification/Classification/JPEGImages/levle0_335.jpg,Medium,r0f4,0,0,0.9419384598731995,0.9419384598731995,0.05717873200774193,0.0007790217641741037,0.00010379460582043976
/kaggle/input/datasets/lexuanhieu131297/acne-severity-classification/Classification/JPEGImages/levle1_76.jpg,Deep,r0f4,1,1,0.9021711945533752,0.03487864136695862,0.9021711945533752,0.06148351728916168,0.0014665743801742792
/kaggle/input/datasets/lexuanhieu131297/acne-severity-classification/Classification/JPEGImages/levle0_302.jpg,Deep,r0f4,0,0,0.8885278105735779,0.8885278105735779,0.11034683138132095,0.0008881300454959273,0.00023717674775980413
/kaggle/input/datasets/lexuanhieu131297/acne-severity-classification/Classification/JPEGImages/levle0_192.jpg,Deep,r0f4,0,0,0.9986734390258789,0.9986734390258789,0.0012314417399466038,6.481940363300964e-05,3.0439638067036867e-05
/kaggle/input/datasets/lexuanhieu131297/acne-severity-classification/Classification/JPEGImages/levle1_396.jpg,Deep,r0f4,1,1,0.7171534299850464,0.18859398365020752,0.7171534299850464,0.09252123534679413,0.0017313866410404444
/kaggle/input/datasets/lexuanhieu131297/acne-severity-classification/Classification/JPEGImages/levle1_233.jpg,Deep,r0f4,1,2,0.8047630786895752,0.002401503035798669,0.19096139073371887,0.8047630786895752,0.0018739488441497087
/kaggle/input/datasets/lexuanhieu131297/acne-severity-classification/Classification/JPEGImages/levle1_82.jpg,Deep,r0f4,1,1,0.909605085849762,0.0037318971008062363,0.909605085849762,0.08657055348157883,9.251829033019021e-05
/kaggle/input/datasets/lexuanhieu131297/acne-severity-classification/Classification/JPEGImages/levle2_162.jpg,Deep,r0f4,2,1,0.9772212505340576,0.010148543864488602,0.9772212505340576,0.012337492778897285,0.0002927113964688033
/kaggle/input/datasets/lexuanhieu131297/acne-severity-classification/Classification/JPEGImages/levle1_601.jpg,Deep,r0f4,1,1,0.5877381563186646,0.40950673818588257,0.5877381563186646,0.002463719341903925,0.00029138976242393255
/kaggle/input/datasets/lexuanhieu131297/acne-severity-classification/Classification/JPEGImages/levle1_317.jpg,Deep,r0f4,1,2,0.7386542558670044,0.0005370131693780422,0.25954535603523254,0.7386542558670044,0.00126331124920398
/kaggle/input/datasets/lexuanhieu131297/acne-severity-classification/Classification/JPEGImages/levle0_185.jpg,Medium,r0f4,0,1,0.9552879333496094,0.03879446163773537,0.9552879333496094,0.005420227535068989,0.00049731379840523
/kaggle/input/datasets/lexuanhieu131297/acne-severity-classification/Classification/JPEGImages/levle3_124.jpg,Deep,r0f4,3,2,0.7857902646064758,0.000277335086138919,0.006226405501365662,0.7857902646064758,0.20770598948001862
/kaggle/input/datasets/lexuanhieu131297/acne-severity-classification/Classification/JPEGImages/levle3_60.jpg,Medium,r0f4,3,3,0.9999668598175049,5.759640089308959e-07,2.0579852844093693e-06,3.0538649298250675e-05,0.9999668598175049
/kaggle/input/datasets/lexuanhieu131297/acne-severity-classification/Classification/JPEGImages/levle1_264.jpg,Deep,r0f4,1,1,0.7140184044837952,0.13162945210933685,0.7140184044837952,0.05431154742836952,0.10004065930843353
/kaggle/input/datasets/lexuanhieu131297/acne-severity-classification/Classification/JPEGImages/levle1_158.jpg,Deep,r0f4,1,2,0.8177580833435059,0.0005413192557170987,0.18069326877593994,0.8177580833435059,0.0010073748417198658
/kaggle/input/datasets/lexuanhieu131297/acne-severity-classification/Classification/JPEGImages/levle0_151.jpg,Deep,r0f4,0,1,0.6533817052841187,0.3253481686115265,0.6533817052841187,0.01986575685441494,0.0014043623814359307
/kaggle/input/datasets/lexuanhieu131297/acne-severity-classification/Classification/JPEGImages/levle3_24.jpg,Deep,r0f4,3,3,0.9995138645172119,3.718128573382273e-05,4.8493540816707537e-05,0.00040051800897344947,0.9995138645172119
/kaggle/input/datasets/lexuanhieu131297/acne-severity-classification/Classification/JPEGImages/levle0_155.jpg,Deep,r0f4,0,0,0.9932496547698975,0.9932496547698975,0.006692463532090187,4.15420436183922e-05,1.6331770893884823e-05
/kaggle/input/datasets/lexuanhieu131297/acne-severity-classification/Classification/JPEGImages/levle2_111.jpg,Deep,r0f4,2,2,0.8668215870857239,8.090629853541031e-05,0.13189691305160522,0.8668215870857239,0.0012005765456706285
/kaggle/input/datasets/lexuanhieu131297/acne-severity-classification/Classification/JPEGImages/levle3_144.jpg,Deep,r0f4,3,2,0.9307633638381958,0.0001976957282749936,0.00448199175298214,0.9307633638381958,0.06455696374177933
/kaggle/input/datasets/lexuanhieu131297/acne-severity-classification/Classification/JPEGImages/levle1_172.jpg,Deep,r0f4,1,0,0.5578347444534302,0.5578347444534302,0.4378494620323181,0.003517169039696455,0.0007987035787664354
/kaggle/input/datasets/lexuanhieu131297/acne-severity-classification/Classification/JPEGImages/levle2_64.jpg,Deep,r0f4,2,1,0.917340874671936,0.0004076807526871562,0.917340874671936,0.08213738352060318,0.00011409676517359912
/kaggle/input/datasets/lexuanhieu131297/acne-severity-classification/Classification/JPEGImages/levle0_40.jpg,Medium,r0f4,0,0,0.8880245089530945,0.8880245089530945,0.11028432101011276,0.0014128937618806958,0.000278215273283422
/kaggle/input/datasets/lexuanhieu131297/acne-severity-classification/Classification/JPEGImages/levle0_314.jpg,Deep,r0f4,0,0,0.8954958319664001,0.8954958319664001,0.10285446792840958,0.0011183235328644514,0.0005313629517331719
/kaggle/input/datasets/lexuanhieu131297/acne-severity-classification/Classification/JPEGImages/levle0_456.jpg,Medium,r0f4,0,0,0.9938983917236328,0.9938983917236328,0.005920044612139463,0.00013497551844920963,4.655527663999237e-05
/kaggle/input/datasets/lexuanhieu131297/acne-severity-classification/Classification/JPEGImages/levle0_347.jpg,Medium,r0f4,0,0,0.9948264956474304,0.9948264956474304,0.005056051537394524,8.739865734241903e-05,2.9969116440042853e-05
/kaggle/input/datasets/lexuanhieu131297/acne-severity-classification/Classification/JPEGImages/levle1_159.jpg,Deep,r0f4,1,1,0.7161652445793152,0.28210246562957764,0.7161652445793152,0.0013744471361860633,0.00035784635110758245
/kaggle/input/datasets/lexuanhieu131297/acne-severity-classification/Classification/JPEGImages/levle0_217.jpg,Medium,r0f4,0,0,0.9386236071586609,0.9386236071586609,0.06047482043504715,0.0006877462146803737,0.00021388768800534308
/kaggle/input/datasets/lexuanhieu131297/acne-severity-classification/Classification/JPEGImages/levle1_604.jpg,Medium,r0f4,1,1,0.9770813584327698,0.01480724848806858,0.9770813584327698,0.00793349277228117,0.00017786007083486766
/kaggle/input/datasets/lexuanhieu131297/acne-severity-classification/Classification/JPEGImages/levle0_85.jpg,Deep,r0f4,0,1,0.934281587600708,0.06464297324419022,0.934281587600708,0.0010602745460346341,1.5124003766686656e-05
/kaggle/input/datasets/lexuanhieu131297/acne-severity-classification/Classification/JPEGImages/levle2_122.jpg,Medium,r0f4,2,2,0.9946082830429077,6.379393198585603e-06,0.0049137938767671585,0.9946082830429077,0.00047144736163318157
/kaggle/input/datasets/lexuanhieu131297/acne-severity-classification/Classification/JPEGImages/levle2_170.jpg,Deep,r0f4,2,1,0.8588586449623108,0.0018824187573045492,0.8588586449623108,0.138706773519516,0.0005521116545423865
/kaggle/input/datasets/lexuanhieu131297/acne-severity-classification/Classification/JPEGImages/levle1_486.jpg,Deep,r0f4,1,0,0.8334068059921265,0.8334068059921265,0.1657179892063141,0.0007452695281244814,0.00013001530896872282
/kaggle/input/datasets/lexuanhieu131297/acne-severity-classification/Classification/JPEGImages/levle0_104.jpg,Medium,r0f4,0,0,0.9737235307693481,0.9737235307693481,0.026050414890050888,0.00015642154903616756,6.954734271857888e-05
/kaggle/input/datasets/lexuanhieu131297/acne-severity-classification/Classification/JPEGImages/levle0_118.jpg,Medium,r0f4,0,0,0.9876711368560791,0.9876711368560791,0.012079879641532898,0.00018084427574649453,6.810657941969112e-05
/kaggle/input/datasets/lexuanhieu131297/acne-severity-classification/Classification/JPEGImages/levle1_263.jpg,Deep,r0f4,1,1,0.9644938111305237,0.02783898450434208,0.9644938111305237,0.00710266875103116,0.0005645332857966423
/kaggle/input/datasets/lexuanhieu131297/acne-severity-classification/Classification/JPEGImages/levle0_165.jpg,Deep,r0f4,0,0,0.9560028910636902,0.9560028910636902,0.040791105479002,0.002204488031566143,0.0010014339350163937
/kaggle/input/datasets/lexuanhieu131297/acne-severity-classification/Classification/JPEGImages/levle0_404.jpg,Deep,r0f4,0,0,0.6088310480117798,0.6088310480117798,0.38851121068000793,0.0020149678457528353,0.0006427658372558653
/kaggle/input/datasets/lexuanhieu131297/acne-severity-classification/Classification/JPEGImages/levle1_329.jpg,Deep,r0f4,1,1,0.5901498198509216,0.4087848365306854,0.5901498198509216,0.0008959614206105471,0.00016933545703068376
/kaggle/input/datasets/lexuanhieu131297/acne-severity-classification/Classification/JPEGImages/levle0_492.jpg,Medium,r0f4,0,0,0.9736141562461853,0.9736141562461853,0.025895312428474426,0.00039166660280898213,9.88356041489169e-05
/kaggle/input/datasets/lexuanhieu131297/acne-severity-classification/Classification/JPEGImages/levle0_7.jpg,Medium,r0f4,0,0,0.5737581253051758,0.5737581253051758,0.3939529061317444,0.026111194863915443,0.0061777736991643906
/kaggle/input/datasets/lexuanhieu131297/acne-severity-classification/Classification/JPEGImages/levle1_640.jpg,Deep,r0f4,1,2,0.9385324716567993,0.00017421250231564045,0.05236665904521942,0.9385324716567993,0.008926675654947758
/kaggle/input/datasets/lexuanhieu131297/acne-severity-classification/Classification/JPEGImages/levle1_379.jpg,Deep,r0f4,1,0,0.9989352822303772,0.9989352822303772,0.0010394046548753977,1.701297878753394e-05,8.226939826272428e-06
/kaggle/input/datasets/lexuanhieu131297/acne-severity-classification/Classification/JPEGImages/levle2_153.jpg,Deep,r0f4,2,1,0.939486026763916,0.008720229379832745,0.939486026763916,0.050821032375097275,0.0009726666030474007
/kaggle/input/datasets/lexuanhieu131297/acne-severity-classification/Classification/JPEGImages/levle0_99.jpg,Medium,r0f4,0,0,0.9701834917068481,0.9701834917068481,0.02891329862177372,0.0007192501798272133,0.0001839985779952258
/kaggle/input/datasets/lexuanhieu131297/acne-severity-classification/Classification/JPEGImages/levle0_446.jpg,Medium,r0f4,0,0,0.9954956769943237,0.9954956769943237,0.004457327537238598,3.438287239987403e-05,1.2599438377947081e-05
/kaggle/input/datasets/lexuanhieu131297/acne-severity-classification/Classification/JPEGImages/levle3_107.jpg,Deep,r0f4,3,3,0.9927828311920166,2.7231135391048156e-05,0.00020199990831315517,0.006987917702645063,0.9927828311920166
/kaggle/input/datasets/lexuanhieu131297/acne-severity-classification/Classification/JPEGImages/levle0_45.jpg,Deep,r0f4,0,0,0.9985014200210571,0.9985014200210571,0.0014366446994245052,4.151771645410918e-05,2.035302713920828e-05
/kaggle/input/datasets/lexuanhieu131297/acne-severity-classification/Classification/JPEGImages/levle1_59.jpg,Medium,r0f4,1,1,0.6114451289176941,0.38714295625686646,0.6114451289176941,0.0011620668228715658,0.00024984634364955127
/kaggle/input/datasets/lexuanhieu131297/acne-severity-classification/Classification/JPEGImages/levle0_121.jpg,Deep,r0f4,0,1,0.9938367009162903,0.0059792292304337025,0.9938367009162903,0.00017195258988067508,1.2049410543113481e-05
/kaggle/input/datasets/lexuanhieu131297/acne-severity-classification/Classification/JPEGImages/levle0_198.jpg,Deep,r0f4,0,0,0.944586455821991,0.944586455821991,0.05525064468383789,0.00013209252210799605,3.0767878342885524e-05
/kaggle/input/datasets/lexuanhieu131297/acne-severity-classification/Classification/JPEGImages/levle0_273.jpg,Medium,r0f4,0,1,0.7225127220153809,0.27692610025405884,0.7225127220153809,0.00044841747148893774,0.00011271530820522457
/kaggle/input/datasets/lexuanhieu131297/acne-severity-classification/Classification/JPEGImages/levle1_377.jpg,Deep,r0f4,1,1,0.9473371505737305,0.002258255146443844,0.9473371505737305,0.05015802010893822,0.00024653502623550594
/kaggle/input/datasets/lexuanhieu131297/acne-severity-classification/Classification/JPEGImages/levle1_560.jpg,Deep,r0f4,1,1,0.88726407289505,0.11051318794488907,0.88726407289505,0.002038003643974662,0.0001848113170126453
/kaggle/input/datasets/lexuanhieu131297/acne-severity-classification/Classification/JPEGImages/levle1_168.jpg,Deep,r0f4,1,1,0.9745834469795227,0.02468581683933735,0.9745834469795227,0.0006669106078334153,6.387658504536375e-05
/kaggle/input/datasets/lexuanhieu131297/acne-severity-classification/Classification/JPEGImages/levle1_111.jpg,Deep,r0f4,1,1,0.813541054725647,0.1695312112569809,0.813541054725647,0.01685156114399433,7.623045530635864e-05
/kaggle/input/datasets/lexuanhieu131297/acne-severity-classification/Classification/JPEGImages/levle1_613.jpg,Medium,r0f4,1,0,0.5194491147994995,0.5194491147994995,0.4434414207935333,0.03634661063551903,0.0007628693128935993
/kaggle/input/datasets/lexuanhieu131297/acne-severity-classification/Classification/JPEGImages/levle2_70.jpg,Deep,r0f4,2,2,0.9965268969535828,5.8547822845866904e-05,0.001200329978018999,0.9965268969535828,0.002214222215116024
/kaggle/input/datasets/lexuanhieu131297/acne-severity-classification/Classification/JPEGImages/levle1_309.jpg,Deep,r0f4,1,0,0.9258008003234863,0.9258008003234863,0.07163452357053757,0.001862043864093721,0.0007026231032796204
/kaggle/input/datasets/lexuanhieu131297/acne-severity-classification/Classification/JPEGImages/levle1_75.jpg,Deep,r0f4,1,0,0.9838384389877319,0.9838384389877319,0.016136925667524338,2.0369949197629467e-05,4.269773398846155e-06
/kaggle/input/datasets/lexuanhieu131297/acne-severity-classification/Classification/JPEGImages/levle2_119.jpg,Medium,r0f4,2,2,0.982160210609436,0.0005103055736981332,0.01650753617286682,0.982160210609436,0.0008218618459068239
/kaggle/input/datasets/lexuanhieu131297/acne-severity-classification/Classification/JPEGImages/levle0_28.jpg,Medium,r0f4,0,0,0.9970658421516418,0.9970658421516418,0.0028993450105190277,2.7135785785503685e-05,7.714030289207585e-06
/kaggle/input/datasets/lexuanhieu131297/acne-severity-classification/Classification/JPEGImages/levle0_285.jpg,Deep,r0f4,0,0,0.9965131878852844,0.9965131878852844,0.003416036954149604,4.631450428860262e-05,2.4501550797140226e-05
/kaggle/input/datasets/lexuanhieu131297/acne-severity-classification/Classification/JPEGImages/levle1_541.jpg,Medium,r0f4,1,1,0.9323856830596924,0.001860694377683103,0.9323856830596924,0.06539985537528992,0.0003537352604325861
/kaggle/input/datasets/lexuanhieu131297/acne-severity-classification/Classification/JPEGImages/levle1_296.jpg,Deep,r0f4,1,1,0.9965458512306213,0.00039160496089607477,0.9965458512306213,0.0030480441637337208,1.451716434530681e-05
/kaggle/input/datasets/lexuanhieu131297/acne-severity-classification/Classification/JPEGImages/levle1_284.jpg,Deep,r0f4,1,1,0.9846567511558533,0.014683534391224384,0.9846567511558533,0.0006391918286681175,2.0546787709463388e-05
/kaggle/input/datasets/lexuanhieu131297/acne-severity-classification/Classification/JPEGImages/levle0_245.jpg,Deep,r0f4,0,0,0.9962525367736816,0.9962525367736816,0.003662572940811515,5.945344310021028e-05,2.537161526561249e-05
/kaggle/input/datasets/lexuanhieu131297/acne-severity-classification/Classification/JPEGImages/levle0_89.jpg,Medium,r0f4,0,0,0.9756292700767517,0.9756292700767517,0.024092746898531914,0.00019812237587757409,7.989248115336522e-05
/kaggle/input/datasets/lexuanhieu131297/acne-severity-classification/Classification/JPEGImages/levle1_81.jpg,Deep,r0f4,1,1,0.9702282547950745,0.022757776081562042,0.9702282547950745,0.006938611622899771,7.536899647675455e-05
/kaggle/input/datasets/lexuanhieu131297/acne-severity-classification/Classification/JPEGImages/levle1_469.jpg,Medium,r0f4,1,1,0.9727154970169067,0.026849517598748207,0.9727154970169067,0.00041008423431776464,2.4966489945654757e-05
/kaggle/input/datasets/lexuanhieu131297/acne-severity-classification/Classification/JPEGImages/levle2_42.jpg,Deep,r0f4,2,2,0.8430246114730835,0.0025552958250045776,0.14327691495418549,0.8430246114730835,0.011143142357468605
/kaggle/input/datasets/lexuanhieu131297/acne-severity-classification/Classification/JPEGImages/levle1_631.jpg,Deep,r0f4,1,1,0.8421341776847839,0.05823884904384613,0.8421341776847839,0.09663106501102448,0.0029959683306515217
/kaggle/input/datasets/lexuanhieu131297/acne-severity-classification/Classification/JPEGImages/levle1_311.jpg,Medium,r0f4,1,1,0.9582932591438293,0.02066083438694477,0.9582932591438293,0.020500048995018005,0.0005457745864987373
/kaggle/input/datasets/lexuanhieu131297/acne-severity-classification/Classification/JPEGImages/levle0_161.jpg,Deep,r0f4,0,1,0.8563706874847412,0.13602784276008606,0.8563706874847412,0.006512979511171579,0.0010884280782192945
/kaggle/input/datasets/lexuanhieu131297/acne-severity-classification/Classification/JPEGImages/levle1_68.jpg,Deep,r0f4,1,1,0.9993233680725098,0.0005131739308126271,0.9993233680725098,0.00016022073396015912,3.235581743865623e-06
/kaggle/input/datasets/lexuanhieu131297/acne-severity-classification/Classification/JPEGImages/levle2_174.jpg,Medium,r0f4,2,2,0.9285229444503784,0.004087011329829693,0.05108284205198288,0.9285229444503784,0.01630713976919651
/kaggle/input/datasets/lexuanhieu131297/acne-severity-classification/Classification/JPEGImages/levle0_244.jpg,Medium,r0f4,0,0,0.9396414756774902,0.9396414756774902,0.059776682406663895,0.00044626364251598716,0.00013557210331782699
/kaggle/input/datasets/lexuanhieu131297/acne-severity-classification/Classification/JPEGImages/levle3_38.jpg,Medium,r0f4,3,2,0.5946682691574097,0.006974097341299057,0.3813309967517853,0.5946682691574097,0.017026670277118683
/kaggle/input/datasets/lexuanhieu131297/acne-severity-classification/Classification/JPEGImages/levle1_324.jpg,Medium,r0f4,1,1,0.9730885624885559,0.022234635427594185,0.9730885624885559,0.004401905927807093,0.0002748857077676803
/kaggle/input/datasets/lexuanhieu131297/acne-severity-classification/Classification/JPEGImages/levle1_0.jpg,Light,r0f4,1,0,0.9897124767303467,0.9897124767303467,0.009541008621454239,0.0006424737512134016,0.00010406477667856961
/kaggle/input/datasets/lexuanhieu131297/acne-severity-classification/Classification/JPEGImages/levle1_387.jpg,Deep,r0f4,1,1,0.993954598903656,0.00318523938767612,0.993954598903656,0.002764682983979583,9.55306168179959e-05
/kaggle/input/datasets/lexuanhieu131297/acne-severity-classification/Classification/JPEGImages/levle1_152.jpg,Deep,r0f4,1,1,0.49782589077949524,0.49588507413864136,0.49782589077949524,0.005476601421833038,0.0008124358137138188
/kaggle/input/datasets/lexuanhieu131297/acne-severity-classification/Classification/JPEGImages/levle0_76.jpg,Deep,r0f4,0,0,0.6685494184494019,0.6685494184494019,0.32902243733406067,0.002038351958617568,0.00038978681550361216
/kaggle/input/datasets/lexuanhieu131297/acne-severity-classification/Classification/JPEGImages/levle2_144.jpg,Deep,r0f4,2,2,0.9937823414802551,5.6811695685610175e-05,0.0052892598323524,0.9937823414802551,0.0008714956929907203
/kaggle/input/datasets/lexuanhieu131297/acne-severity-classification/Classification/JPEGImages/levle0_324.jpg,Deep,r0f4,0,0,0.8908665776252747,0.8908665776252747,0.1080743744969368,0.0008235480054281652,0.00023549004981759936
/kaggle/input/datasets/lexuanhieu131297/acne-severity-classification/Classification/JPEGImages/levle0_358.jpg,Medium,r0f4,0,0,0.9650306701660156,0.9650306701660156,0.03447134792804718,0.0003307621518615633,0.0001672950165811926
/kaggle/input/datasets/lexuanhieu131297/acne-severity-classification/Classification/JPEGImages/levle2_44.jpg,Deep,r0f4,2,1,0.5939213633537292,0.007425433024764061,0.5939213633537292,0.39679768681526184,0.0018555705901235342
/kaggle/input/datasets/lexuanhieu131297/acne-severity-classification/Classification/JPEGImages/levle0_184.jpg,Deep,r0f4,0,0,0.6506360173225403,0.6506360173225403,0.34758082032203674,0.001526935608126223,0.00025617529172450304
/kaggle/input/datasets/lexuanhieu131297/acne-severity-classification/Classification/JPEGImages/levle3_80.jpg,Deep,r0f4,3,3,0.912726879119873,0.00012203038932057098,0.0010855227010324597,0.08606549352407455,0.912726879119873
/kaggle/input/datasets/lexuanhieu131297/acne-severity-classification/Classification/JPEGImages/levle3_79.jpg,Deep,r0f4,3,2,0.5297539234161377,0.0007629551691934466,0.016360560432076454,0.5297539234161377,0.4531225860118866
/kaggle/input/datasets/lexuanhieu131297/acne-severity-classification/Classification/JPEGImages/levle3_92.jpg,Deep,r0f4,3,2,0.9873178601264954,0.00013726152246817946,0.008047984912991524,0.9873178601264954,0.00449690967798233
/kaggle/input/datasets/lexuanhieu131297/acne-severity-classification/Classification/JPEGImages/levle0_127.jpg,Deep,r0f4,0,0,0.9790499806404114,0.9790499806404114,0.020468907430768013,0.00037143909139558673,0.00010958293569274247
/kaggle/input/datasets/lexuanhieu131297/acne-severity-classification/Classification/JPEGImages/levle2_3.jpg,Light,r0f4,2,2,0.8257701396942139,0.007619947660714388,0.02272675931453705,0.8257701396942139,0.14388321340084076
/kaggle/input/datasets/lexuanhieu131297/acne-severity-classification/Classification/JPEGImages/levle1_301.jpg,Medium,r0f4,1,0,0.9044537544250488,0.9044537544250488,0.09403426945209503,0.0010528195416554809,0.0004590453754644841
/kaggle/input/datasets/lexuanhieu131297/acne-severity-classification/Classification/JPEGImages/levle1_273.jpg,Deep,r0f4,1,1,0.9793189167976379,0.017474355176091194,0.9793189167976379,0.0029975485522300005,0.0002092313952744007
/kaggle/input/datasets/lexuanhieu131297/acne-severity-classification/Classification/JPEGImages/levle2_182.jpg,Deep,r0f4,2,1,0.616377592086792,0.0011026186402887106,0.616377592086792,0.3819707930088043,0.0005490434123203158
/kaggle/input/datasets/lexuanhieu131297/acne-severity-classification/Classification/JPEGImages/levle0_49.jpg,Medium,r0f4,0,1,0.9558709859848022,0.042493101209402084,0.9558709859848022,0.0014914253260940313,0.00014453232870437205
/kaggle/input/datasets/lexuanhieu131297/acne-severity-classification/Classification/JPEGImages/levle0_174.jpg,Deep,r0f4,0,1,0.912982165813446,0.05660383403301239,0.912982165813446,0.02921907603740692,0.0011948784813284874
/kaggle/input/datasets/lexuanhieu131297/acne-severity-classification/Classification/JPEGImages/levle2_165.jpg,Medium,r0f4,2,2,0.972317636013031,0.001149639138020575,0.023737024515867233,0.972317636013031,0.0027958049904555082
/kaggle/input/datasets/lexuanhieu131297/acne-severity-classification/Classification/JPEGImages/levle1_598.jpg,Medium,r0f4,1,1,0.8235964179039001,0.0008411055314354599,0.8235964179039001,0.17518262565135956,0.0003798571997322142
/kaggle/input/datasets/lexuanhieu131297/acne-severity-classification/Classification/JPEGImages/levle1_231.jpg,Medium,r0f4,1,0,0.7107878923416138,0.7107878923416138,0.28774574398994446,0.0011221002787351608,0.0003442323359195143
/kaggle/input/datasets/lexuanhieu131297/acne-severity-classification/Classification/JPEGImages/levle1_485.jpg,Deep,r0f4,1,1,0.9888306260108948,0.009133534505963326,0.9888306260108948,0.002002456458285451,3.336152440169826e-05
/kaggle/input/datasets/lexuanhieu131297/acne-severity-classification/Classification/JPEGImages/levle0_513.jpg,Deep,r0f4,0,0,0.9252334833145142,0.9252334833145142,0.07440612465143204,0.00026239018188789487,9.804804722080007e-05
/kaggle/input/datasets/lexuanhieu131297/acne-severity-classification/Classification/JPEGImages/levle2_184.jpg,Medium,r0f4,2,2,0.6952372789382935,0.0004231436178088188,0.3031340539455414,0.6952372789382935,0.0012054240796715021
/kaggle/input/datasets/lexuanhieu131297/acne-severity-classification/Classification/JPEGImages/levle0_259.jpg,Medium,r0f4,0,0,0.9929336309432983,0.9929336309432983,0.006943272426724434,6.954770651645958e-05,5.3532770834863186e-05
/kaggle/input/datasets/lexuanhieu131297/acne-severity-classification/Classification/JPEGImages/levle1_69.jpg,Deep,r0f4,1,1,0.9906567335128784,0.006482272874563932,0.9906567335128784,0.002742087934166193,0.00011895909119630232
/kaggle/input/datasets/lexuanhieu131297/acne-severity-classification/Classification/JPEGImages/levle0_411.jpg,Deep,r0f4,0,1,0.8535634875297546,0.13584701716899872,0.8535634875297546,0.009764143265783787,0.0008253182168118656
/kaggle/input/datasets/lexuanhieu131297/acne-severity-classification/Classification/JPEGImages/levle3_47.jpg,Medium,r0f4,3,3,0.995754599571228,1.8552993424236774e-05,8.782256918493658e-05,0.004139059688895941,0.995754599571228
/kaggle/input/datasets/lexuanhieu131297/acne-severity-classification/Classification/JPEGImages/levle0_180.jpg,Deep,r0f4,0,0,0.9736530184745789,0.9736530184745789,0.025795387104153633,0.0003841064462903887,0.00016747626068536192
/kaggle/input/datasets/lexuanhieu131297/acne-severity-classification/Classification/JPEGImages/levle1_629.jpg,Medium,r0f4,1,1,0.9869769215583801,0.009558584541082382,0.9869769215583801,0.0033504669554531574,0.00011397687921999022
/kaggle/input/datasets/lexuanhieu131297/acne-severity-classification/Classification/JPEGImages/levle0_515.jpg,Deep,r0f4,0,0,0.8254570364952087,0.8254570364952087,0.13445639610290527,0.034037426114082336,0.006049172952771187
/kaggle/input/datasets/lexuanhieu131297/acne-severity-classification/Classification/JPEGImages/levle2_117.jpg,Medium,r0f4,2,1,0.9745458364486694,0.011683101765811443,0.9745458364486694,0.013375135138630867,0.0003958886954933405
/kaggle/input/datasets/lexuanhieu131297/acne-severity-classification/Classification/JPEGImages/levle1_452.jpg,Deep,r0f4,1,0,0.43565136194229126,0.43565136194229126,0.3667880594730377,0.1598959118127823,0.03766465559601784
/kaggle/input/datasets/lexuanhieu131297/acne-severity-classification/Classification/JPEGImages/levle3_77.jpg,Deep,r0f4,3,2,0.8985914587974548,0.00015187181998044252,0.0020005188416689634,0.8985914587974548,0.09925610572099686
/kaggle/input/datasets/lexuanhieu131297/acne-severity-classification/Classification/JPEGImages/levle1_42.jpg,Deep,r0f4,1,1,0.902194619178772,0.09706084430217743,0.902194619178772,0.0006495355046354234,9.504803165327758e-05
/kaggle/input/datasets/lexuanhieu131297/acne-severity-classification/Classification/JPEGImages/levle1_13.jpg,Light,r0f4,1,0,0.7194525599479675,0.7194525599479675,0.2550300061702728,0.024142153561115265,0.001375372870825231
/kaggle/input/datasets/lexuanhieu131297/acne-severity-classification/Classification/JPEGImages/levle0_341.jpg,Medium,r0f4,0,0,0.9934731125831604,0.9934731125831604,0.006500701420009136,2.0489238522714004e-05,5.623369361273944e-06
/kaggle/input/datasets/lexuanhieu131297/acne-severity-classification/Classification/JPEGImages/levle1_182.jpg,Deep,r0f4,1,1,0.9804774522781372,0.0165566299110651,0.9804774522781372,0.0027973277028650045,0.00016865010547917336
/kaggle/input/datasets/lexuanhieu131297/acne-severity-classification/Classification/JPEGImages/levle2_128.jpg,Medium,r0f4,2,1,0.9972625970840454,0.0014043638948351145,0.9972625970840454,0.0013102900702506304,2.2677269953419454e-05
/kaggle/input/datasets/lexuanhieu131297/acne-severity-classification/Classification/JPEGImages/levle0_211.jpg,Deep,r0f4,0,0,0.8795127868652344,0.8795127868652344,0.1199626699090004,0.00045430281898006797,7.021601777523756e-05
/kaggle/input/datasets/lexuanhieu131297/acne-severity-classification/Classification/JPEGImages/levle3_29.jpg,Light,r0f4,3,3,0.9918262958526611,0.00023137089738156646,0.0006527089863084257,0.007289697416126728,0.9918262958526611
